가가대소,명사,209
가갸날,명사,386677
가격대,명사,505
가계도,명사,13
가공육,명사,515997
가늠쇠,명사,386323
가늠자,명사,691
가다랑어,명사,746
가담자,명사,1559
가담항설,명사,1560
가덕도,명사,989
가동률,명사,384841
가라사대,특수:파생형,981
가렴주구,명사,388368
가로채기,명사,517247
가리사니,명사,783
가리우다,동사,1005
가맹,명사,1485
가무극,명사,1163
가무러지다,동사,2504
가무스름하다,형용사,385816
가문비나무,명사,389837
가방끈,명사,516461
가변저항,명사,2516
가부키,명사,387928
가산기,명사,2330
가산명사,명사,2331
가상현실,명사,1984
가소성,명사,392940
가속기,명사,392955
가스등,명사,2996
가스전,명사,389562
가시나무,명사,389974
가시밭,명사,2347
가압류,명사,389771
가액,명사,2309
가운뎃소리,명사,389399
가운뎃점,명사,389604
가이드북,명사,3027
가장무도회,명사,3421
가점,명사,392985
가정교사,명사,389607
가정용,명사,518444
가족관계등록부,명사,517530
가족사진,명사,3437
가족회,명사,3742
가중처벌,명사,4531
가차,명사,4414
가처분,명사,3089
가칠가칠하다,형용사,390005
가택침입죄,명사,4132
가톨릭교회,명사,386953
가평균,명사,3721
각개격파,명사,4185
각개전투,명사,4187
각속도,명사,3112
각주구검,명사,390663
각출,명사,387260
각항,명사,387188
간간히,부사,4919
간뇌,명사,4330
간당간당,부사,390445
간당간당하다,동사,5970
간대,명사,5972
간도,명사,5514
간디,명사,4495
간빙기,명사,4582
간석기,명사,4338
간소,명사,5753
간신하다,형용사,6486
간접선거,명사,5810
간증하다,동사,3403
간호학,명사,7321
갈데없이,부사,387458
갈릴레이,명사,7458
갈매기살,명사,6709
갈수기,명사,387467
갈음하다,동사,6152
갈지자,명사,388357
갈참나무,명사,390791
감개무량,명사,5716
감람나무,명사,390965
감마,명사,7271
감문,명사,6908
감비아,명사,8898
감사원장,명사,8754
감사위원,명사,8807
감사절,명사,7867
감소세,명사,387859
감속재,명사,387865
감시위성,명사,6912
감옥행,명사,387996
감자조림,명사,388044
감정되다,동사,6679
감정이입,명사,7573
감청하다,동사,388222
감탄고토,명사,8101
갑남을녀,명사,6974
갑신정변,명사,388444
갑오개혁,명사,388650
갑오징어,명사,510304
갑을,명사,388629
값없다,형용사,388728
강공책,명사,385394
강릉,명사,8400
강박감,명사,9141
강박관념,명사,391784
강연장,명사,8337
강원,명사,518823
강의료,명사,8969
강종,명사,11023
강팀,명사,10014
강화도,명사,388945
강화조약,명사,9876
강황,명사,10066
개기름,명사,389071
개년,명사,515903
개놈,명사,388960
개다래,명사,11550
개다래나무,명사,11551
개로왕,명사,392167
개미산,명사,11047
개미핥기,명사,392566
개발도상국,명사,10370
개발새발,명사,518489
개발자,명사,10679
개밥바라기,명사,9908
개방성,명사,388660
개방형,명사,10956
개복치,명사,10368
개새끼,명사,389694
개소,명사,10139
개소리,명사,10146
개소리하다,동사,10147
개소하다,동사,10142
개신교도,명사,10243
개인화기,명사,10085
개자식,명사,11862
개체주의,명사,394189
개학식,명사,12007
개항되다,동사,10571
개헌안,명사,10579
객혈,명사,10180
객혈하다,동사,10181
갯바위,명사,11207
걔,명사,393237
거관,명사,13936
거들뜨다,동사,13227
거란,명사,393949
거리계,명사,11766
거부반응,명사,12937
거석,명사,394774
거석문화,명사,394776
거수기,명사,13564
거제도,명사,14784
거증책임,명사,12669
거짓말탐지기,명사,13741
거치대,명사,12984
거치하다,동사,12981
거함,명사,13677
건강보험,명사,392850
건곤일척,명사,13044
건설사,명사,13438
건축공학,명사,15184
건축비,명사,391292
검경,명사,394982
검류계,명사,14876
검색엔진,명사,390949
검은돈,명사,394135
검은콩,명사,16117
검찰총장,명사,16601
게걸스레,부사,15083
게놈,명사,390803
게르마늄,명사,390372
게르만,명사,17379
게르만족,명사,388070
게살,명사,15980
게시물,명사,14595
게이,명사,14671
게임이론,명사,17686
게자리,명사,16419
겨울밤,명사,15616
겨울방학,명사,393183
격물치지,명사,18676
격발,명사,18677
격벽,명사,18559
견마지로,명사,15743
견문록,명사,15739
견문발검,명사,15793
견우성,명사,17764
결계,명사,395934
결과물,명사,18192
결방,명사,19371
결석자,명사,392089
결속력,명사,518450
결절,명사,17642
결정권자,명사,18102
결정력,명사,19549
결정론,명사,391602
결정판,명사,19791
결항하다,동사,395170
겸영,명사,19649
겹문장,명사,18810
경기력,명사,392488
경남,명사,20145
경덕왕,명사,20158
경동맥,명사,18154
경량,명사,15953
경매되다,동사,20458
경매물,명사,20199
경매하다,동사,20457
경부,명사,19462
경부선,명사,18151
경북,명사,18153
경비망,명사,392696
경삿날,명사,395565
경상수지,명사,19057
경수,명사,20962
경수로,명사,19499
경영난,명사,393773
경인선,명사,393821
경쟁사,명사,19952
경제개발,명사,19878
경제성장,명사,21723
경제성장률,명사,22013
경제인,명사,395224
경제정책,명사,395001
경제지표,명사,398781
경주마,명사,19669
경찰관직무집행법,명사,18934
경첩,명사,21215
경축사,명사,21768
경통,명사,391625
경행하다,동사,20119
계곡물,명사,515831
계급제도,명사,19435
계란찜,명사,398597
계류,명사,22349
계륵,명사,392642
계시록,명사,20335
계열회사,명사,22260
계원,명사,395716
계전기,명사,391135
계정,명사,23266
계집년,명사,20339
계집질,명사,395196
고관절,명사,23068
고국원왕,명사,22975
고국천왕,명사,396218
고글,명사,399140
고급화하다,동사,398599
고기만두,명사,21706
고농도,명사,23215
고도계,명사,22890
고도리,명사,22895
고득점,명사,23594
고등교육,명사,24541
고등법원,명사,395654
고리대금,명사,399534
고무인,명사,21540
고무장화,명사,22734
고문치사,명사,24420
고미술,명사,395955
고법,명사,25319
고별전,명사,24646
고부가가치,명사,24072
고분고분히,부사,22789
고분자,명사,23679
고생물학,명사,23715
고소공포증,명사,23944
고소되다,동사,23934
고속도로,명사,391739
고속철도,명사,25679
고스트,명사,396543
고식지계,명사,396266
고엽제,명사,25744
고용노동부,명사,518501
고용량,명사,24503
고유명사,명사,395910
고유색,명사,395881
고유종,명사,22992
고육책,명사,399742
고의낙구,명사,393920
고의적삼,명사,26305
고이왕,명사,25591
고장난명,명사,395596
고전파,명사,25069
고점,명사,394072
고정관념,명사,393629
고정식,명사,26564
고지방,명사,516681
고지혈증,명사,394075
고택,명사,393625
고폭탄,명사,395108
고품격,명사,25935
고해성사,명사,24707
고흐,명사,396293
고흥,명사,25290
곡옥,명사,397590
곡학아세,명사,391659
곤란스럽다,형용사,27440
곤란스레,부사,27441
곤란히,부사,27439
곤충채집,명사,26059
곧이,부사,25086
골든디스크,명사,394293
골리앗,명사,27822
골상학,명사,27808
골육상잔,명사,397331
골육상쟁,명사,27913
골잡이,명사,26264
골품제,명사,28341
골품제도,명사,28342
골프공,명사,28345
공갈빵,명사,26430
공감각,명사,26926
공개방송,명사,26657
공격기,명사,28183
공격력,명사,28186
공고화,명사,27245
공고화하다,동사,27246
공공단체,명사,28211
공공투자,명사,28671
공국,명사,394491
공극,명사,28889
공극률,명사,28893
공기청정기,명사,394054
공동관리,명사,28746
공동대표,명사,394726
공동성명,명사,392435
공랭,명사,29296
공로상,명사,390920
공립대학,명사,27026
공멸,명사,516183
공멸하다,동사,516184
공모자,명사,28495
공무담임권,명사,28431
공민,명사,394647
공민왕,명사,394834
공법,명사,30190
공병대,명사,29031
공산주의자,명사,393400
공세적,명사,29642
공소권,명사,27362
공소사실,명사,397341
공소시효,명사,28103
공식전,명사,29336
공양왕,명사,397962
공연계,명사,28548
공인중개사,명사,398383
공작소,명사,28354
공장자동화,명사,28769
공정거래법,명사,398365
공정거래위원회,명사,30212
공중누각,명사,30604
공한지,명사,398559
공회전,명사,397625
과금,명사,515941
과금하다,동사,515942
과대광고,명사,30722
과부하,명사,31492
과산화수소,명사,398333
과속방지턱,명사,30556
과실상규,명사,30836
과장스럽다,형용사,398740
과전류,명사,32129
과학계,명사,398970
과학기술,명사,518396
과학사,명사,31067
관개수로,명사,31650
관계사,명사,398013
관광특구,명사,399394
관리자,명사,32380
관망세,명사,31990
관상동맥,명사,32722
관세법,명사,32066
관세율,명사,31780
관세음보살,명사,398250
관세청,명사,31914
관엽식물,명사,31929
관우,명사,399190
관음,명사,399412
관음증,명사,30470
관자,명사,29620
관할권,명사,33419
관형사형,명사,32429
괄태충,명사,32109
광개토대왕,명사,396041
광구,명사,32939
광물학,명사,399581
광우병,명사,516185
광종,명사,398460
광주광역시,명사,29843
광해군,명사,398397
괭이갈매기,명사,393474
괴도,명사,398445
괴로이,부사,33899
괴뢰,명사,33901
괴뢰정권,명사,398817
괴산,명사,34065
교각살우,명사,396286
교감신경,명사,396456
교과서적,명사,516691
교부금,명사,35918
교섭단체,명사,34467
교언영색,명사,396984
교육감,명사,33833
교육과학기술부,명사,517235
교육기관,명사,34914
교육세,명사,35906
교정판,명사,36488
교착어,명사,393663
교토,명사,35461
교통로,명사,399104
교학,명사,35531
교향,명사,35546
교환권,명사,35136
구글,명사,36174
구급상자,명사,36335
구동,명사,35300
구동하다,동사,393658
구루병,명사,399495
구명줄,명사,35901
구문론,명사,37553
구밀복검,명사,37294
구석차기,명사,36873
구소,명사,38048
구속영장,명사,399688
구자라트어,명사,38364
구제금융,명사,37775
구조선,명사,37787
구청장,명사,39332
구체,명사,39333
구축함,명사,37637
국가공무원법,명사,397451
국가권력,명사,38057
국가기관,명사,38059
국가배상법,명사,396970
국가보안법,명사,37455
국가보훈처,명사,37458
국가비상사태,명사,39283
국가안전보장회의,명사,36618
국가원수,명사,36516
국가유공자,명사,38109
국가정보원,명사,36548
국고채권,명사,39463
국군조직법,명사,37585
국기원,명사,400149
국내총생산,명사,38848
국립대학,명사,38521
국무부,명사,396833
국무위원,명사,39024
국무회의,명사,38758
국문법,명사,38577
국민당,명사,39221
국민소득,명사,39881
국민안전처,명사,518918
국민연금,명사,515918
국민투표,명사,39023
국세기본법,명사,35630
국세징수법,명사,39238
국수주의자,명사,39226
국숫집,명사,396835
국악인,명사,515762
국적법,명사,38905
국정감사,명사,40011
국정원,명사,509199
국정조사,명사,40015
국제사법재판소,명사,39427
국제사회,명사,39374
국제연합,명사,397407
국제원자력기구,명사,396656
국제형사재판소,명사,39037
국토해양부,명사,517241
국회도서관,명사,39716
국회법,명사,39767
국회의사당,명사,39968
국회의원,명사,399994
국회의장,명사,39970
군단장,명사,40330
군도,명사,41706
군무원,명사,397106
군사법원,명사,40767
군사작전,명사,40705
군사재판,명사,40891
군역,명사,40201
군용품,명사,41164
군음식,명사,40615
군주국,명사,39724
군주론,명사,39727
군집하다,동사,40473
군형법,명사,40394
굴절어,명사,405226
굴참나무,명사,400476
궁둥짝,명사,39350
궁수자리,명사,41616
권고문,명사,41321
권력기관,명사,42585
권력분립,명사,42586
권법,명사,41185
권불십년,명사,42393
권토중래,명사,400373
권한쟁의,명사,41797
궐위,명사,42022
귀뿌리,명사,42350
귀사,명사,400212
귀얄,명사,401064
귀의,명사,400205
귀책사유,명사,397894
규방,명사,42088
규소,명사,44814
규슈,명사,401385
균형감,명사,43493
균형미,명사,43775
귤나무,명사,44045
귤색,명사,44065
그넷줄,명사,44536
그놈,대명사,401609
그라탱,명사,43209
그래도,부사,45132
그러께,명사,400362
그레이스케일,명사,43069
그루지야,명사,44514
그루지야어,명사,401430
그리스도,명사,42994
그리스어,명사,44438
그리스인,명사,44439
그린란드,명사,45276
그린피스,명사,401596
극댓값,명사,401819
극락정토,명사,45288
극력하다,동사,44128
극솟값,명사,402009
극저온,명사,44684
극지,명사,403687
근무시간,명사,44409
근묵자흑,명사,46107
근원적,명사,516045
근위병,명사,45696
근저당,명사,45734
근초고왕,명사,45970
글공부하다,동사,400948
글리세린,명사,47120
글쇠,명사,515766
글월,명사,47239
글월문,명사,47240
금관악기,명사,400953
금단증상,명사,45386
금란지계,명사,46965
금맥,명사,47950
금배지,명사,46404
금비녀,명사,47380
금석문,명사,45170
금속재,명사,48217
금시,명사,399021
금융거래,명사,46664
금융기관,명사,46669
금융회사,명사,48159
금의야행,명사,49157
금잔화,명사,404790
금형,명사,402233
급랭,명사,48304
급매물,명사,402428
급물살,명사,509339
급반등,명사,516656
급식소,명사,47993
급유기,명사,404871
급정지,명사,46649
급정지하다,동사,46650
급진파,명사,46723
급커브,명사,515770
급팽창,명사,48314
기갑,명사,405488
기갑부대,명사,49074
기갑사단,명사,49075
기계공학,명사,406375
기계어,명사,48863
기계장치,명사,48746
기계체조,명사,404701
기고자,명사,49122
기관단총,명사,405489
기관사,명사,48044
기네스북,명사,404875
기념비적,명사,49125
기니피그,명사,49443
기댓값,명사,47837
기독교도,명사,49513
기동전,명사,48956
기록물,명사,518408
기마전,명사,49887
기망,명사,509416
기모노,명사,403068
기반하다,동사,533555
기보법,명사,50300
기부자,명사,49535
기사단,명사,405434
기상도,명사,51851
기상위성,명사,50412
기상이변,명사,50473
기상정보,명사,49875
기압계,명사,50532
기억상실,명사,405448
기억상실증,명사,515922
기운차다,형용사,50751
기울기,명사,50800
기자회견,명사,51285
기전체,명사,50338
기정사실화,명사,51439
기정사실화되다,동사,51440
기정사실화하다,동사,51489
기준치,명사,51287
기출,명사,47049
기타리스트,명사,50945
기탁,명사,51002
기통,명사,52018
기판,명사,407416
기호학,명사,50062
기화기,명사,51467
기화열,명사,51471
기화하다,동사,402481
기획재정부,명사,517233
기후변화,명사,50405
긴급차량,명사,51581
긴바늘,명사,51362
긴절하다,형용사,53581
긴팔원숭이,명사,50952
길드,명사,403144
길치,명사,52417
길항제,명사,52431
김정호,명사,403739
김정희,명사,52132
김포공항,명사,51874
김해,명사,405972
까끌까끌,부사,53600
까나리,명사,53206
까랑까랑,부사,400433
까랑까랑하다,형용사,53532
까옥거리다,동사,52899
까옥까옥,부사,53199
깍둑썰기,명사,52207
깔끔히,부사,53301
깔창,명사,400416
꺅,부사,54431
꺅꺅,부사,54433
꺼림칙이,부사,52835
꺾꽂이하다,동사,53922
껴묻거리,명사,517773
꼬꼬마,명사,406142
꼬라박다,동사,404187
꼬리말,명사,55037
꼬리별,명사,55830
꼰대,명사,401191
꼴리다,동사,404382
꼴좋다,형용사,404541
꼴통,명사,56774
꼼수,명사,405125
꼽사리,명사,54996
꽃값,명사,55268
꽃구경,명사,404962
꽃길,명사,55759
꽃단장,명사,54897
꽃동네,명사,56839
꽃등심,명사,515837
꽃매미,명사,406071
꽃샘,명사,54920
꽃피다,동사,405158
꽈리고추,명사,517722
꾀어내다,동사,406655
꿀꺽하다,동사,57845
꿍얼대다,동사,57488
끌개,명사,57533
끼닛거리,명사,57172
끽,부사,56489
나고야,명사,406989
나노,명사,509356
나노미터,명사,58046
나들목,명사,516189
나랏돈,명사,57274
나래,명사,57280
나리분지,명사,56232
나무판자,명사,406959
나미비아,명사,60108
나약,명사,56283
나이팅게일,명사,58144
나치,명사,59827
나토,명사,60716
나팔관,명사,59866
나폴레옹,명사,404844
낙뢰하다,동사,59744
낙마,명사,59197
낙마하다,동사,59198
낙석,명사,58918
낙심천만,명사,59194
낙찰가,명사,60281
낙폭,명사,516056
낙화유수,명사,407595
난감,명사,59959
난맥상,명사,60498
난반사,명사,61166
난소암,명사,407112
난임,명사,518162
난치성,명사,61085
날갯짓하다,동사,59735
남가일몽,명사,403484
남극점,명사,61187
남남동,명사,61371
남남서,명사,61373
남녀공학,명사,60331
남대문시장,명사,62058
남부여,명사,60979
남북전쟁,명사,60836
남성스럽다,형용사,515951
남성호르몬,명사,407482
남십자성,명사,61446
남아공,명사,516284
남아프리카공화국,명사,405917
남자애,명사,516916
남작,명사,60378
남조선,명사,60427
남태평양,명사,62353
남한산성,명사,403768
남획,명사,61596
남획하다,동사,403305
납작이,부사,62424
낭,명사,61261
낭림산맥,명사,60420
낭중지추,명사,407771
내각책임제,명사,62772
내공,명사,518902
내레이션,명사,410360
내레이터,명사,63098
내려받다,동사,515994
내림차,명사,62817
내몽골,명사,63155
내물왕,명사,64315
내부자,명사,63759
내비게이션,명사,515838
내수면,명사,63333
내숭쟁이,명사,63145
내식성,명사,62491
내연기관,명사,406100
내음,명사,64189
내이,명사,406441
내장형,명사,518418
내정자,명사,516057
내친김,명사,63836
내핵,명사,62532
내행성,명사,62537
내홍,명사,63492
낸드,명사,63417
냄새나다,동사,410724
냉각재,명사,404511
냉각탑,명사,64074
냉증,명사,63003
냉혈한,명사,407283
너도밤나무,명사,64910
넌,부사,65186
넓죽하다,형용사,65163
넘버원,명사,64692
네거티브,명사,66712
네눈박이,명사,406594
네모꼴,명사,65298
네안데르탈인,명사,65794
노골화,명사,65440
노느다,동사,410961
노동계,명사,64892
노동당,명사,65556
노동법,명사,66249
노동절,명사,66364
노드,명사,66563
노래미,명사,408323
노랭이,명사,65994
노력파,명사,66728
노르망디,명사,408348
노면전차,명사,67210
노무,명사,68482
노벨,명사,408432
노벨상,명사,408601
노브라,명사,515237
노사분규,명사,67931
노송나무,명사,67198
노아,명사,65689
노인네,명사,68337
노인성,명사,408945
노즐,명사,67856
노천탕,명사,516487
노코멘트,명사,408650
노터치,명사,408443
노팬티,명사,515239
노후화,명사,408886
노히트노런,명사,68617
녹각,명사,408641
녹나무,명사,408658
녹는점,명사,408633
녹신녹신하다,형용사,408446
녹음실,명사,407338
녹의홍상,명사,70061
녹취,명사,68832
녹황색,명사,68390
논둑길,명사,68109
논어,명사,406333
논쟁적,명사,68127
놀림거리,명사,67334
놀림조,명사,67822
농노,명사,409086
농단,명사,69632
농단하다,동사,69633
농림수산식품부,명사,517240
농본주의,명사,67335
농서,명사,67093
농촌진흥청,명사,69530
농축우라늄,명사,69173
농협,명사,69597
뇌간,명사,68773
뇌경색,명사,409887
뇌랗다,형용사,409908
뇌사하다,동사,71174
뇌하수체,명사,409301
누란지세,명사,69190
누란지위,명사,69191
누산기,명사,69435
누전차단기,명사,409405
누진,명사,409877
누진제,명사,68369
눈금자,명사,410274
눈동냥,명사,69731
눈바람,명사,407024
눈싸움하다,동사,409989
눌러살다,동사,516025
눌지왕,명사,69394
뉴런,명사,71481
뉴올리언스,명사,71318
뉴욕,명사,410348
뉴턴,명사,71912
뉴트리아,명사,71819
느릅나무,명사,407007
느타리,명사,70482
늑약,명사,72095
능금나무,명사,71981
능동문,명사,71228
능력자,명사,70737
능력주의,명사,70739
능률적,명사,71731
능숙히,부사,70705
능통,명사,407379
늦되다,동사,410401
늦저녁,명사,71986
늴리리야,명사,410516
닁큼,부사,406526
닁큼닁큼,부사,71368
니스,명사,67954
니체,명사,407355
니카라과,명사,410220
니크롬선,명사,71668
니퍼,명사,71763
닉슨,명사,73256
다공성,명사,410789
다과회,명사,73765
다국적군,명사,73409
다기망양,명사,73143
다다미,명사,73403
다단하다,형용사,73699
다되다,형용사,73645
다랑어,명사,72359
다발총,명사,72327
다비식,명사,74093
다사다난,명사,407536
다세대주택,명사,73575
다수표,명사,72795
다식,명사,72757
다식증,명사,73312
다원적,명사,412590
다윈,명사,412944
다음번,명사,409943
다이빙하다,동사,409693
다이어그램,명사,412440
다이오드,명사,73375
다이옥신,명사,412421
다중처리,명사,413455
다트,명사,413081
다형성,명사,412415
닥나무,명사,75014
닦달질,명사,73821
단도직입,명사,76176
단말,명사,75482
단문,명사,74646
단사표음,명사,75741
단성,명사,412629
단순호치,명사,75280
단양,명사,412968
단언,명사,74479
단옷날,명사,76022
단일화되다,동사,74054
단종,명사,410134
단체교섭권,명사,413521
단체장,명사,413511
단체행동권,명사,413306
단축키,명사,74526
단층촬영,명사,75891
단편적,명사,413331
단표누항,명사,76664
달걀찜,명사,413209
달마,명사,76581
달맞이꽃,명사,413220
달맞이하다,동사,76253
달콤히,부사,77518
닭갈비,명사,516465
닭똥집,명사,74403
닭백숙,명사,410466
닳아빠지다,형용사,413693
담뱃불,명사,77423
담뱃잎,명사,413669
담비,명사,413236
담석,명사,413224
담세율,명사,509885
담수화,명사,74206
담쟁이넝쿨,명사,77486
담청색,명사,78793
답글,명사,516080
답답이,명사,77021
답변서,명사,76792
답변자,명사,76793
당구풍월,명사,78872
당규,명사,413595
당나라,명사,77963
당랑거철,명사,411008
당명,명사,77130
당백전,명사,413888
당산나무,명사,78271
당상,명사,410963
당선인,명사,78799
당연,명사,78404
당연시되다,동사,509943
당오전,명사,78177
당정,명사,413603
당헌,명사,77116
대갈빡,명사,79318
대공포,명사,414089
대구광역시,명사,79536
대국,명사,78307
대국민,명사,78596
대기압,명사,78712
대농장,명사,78588
대놓고,부사,414070
대동소이,명사,80087
대련,명사,77490
대련하다,동사,77720
대류,명사,411173
대륙붕,명사,408571
대마,명사,80096
대물,명사,80910
대법,명사,79135
대보름날,명사,79551
대보름달,명사,79552
대상물,명사,80901
대상포진,명사,80644
대소동,명사,80267
대수학,명사,411595
대승적,명사,81139
대실,명사,79979
대여금,명사,411823
대역폭,명사,80494
대영박물관,명사,409175
대영제국,명사,79845
대외비,명사,80377
대요,명사,80847
대운하,명사,411567
대원군,명사,80253
대음순,명사,411466
대인물,명사,80563
대전광역시,명사,82229
대졸,명사,412045
대주교,명사,82357
대주자,명사,81379
대진,명사,81255
대집행,명사,81571
대체재,명사,80790
대축일,명사,77582
대축척,명사,77642
대출금리,명사,81779
대출이자,명사,411967
대통령령,명사,411845
대통령상,명사,82265
대포알,명사,81871
대표이사,명사,82331
대표전화,명사,80605
대푯값,명사,409322
대학로,명사,81041
대한민국임시정부,명사,80344
대한민국헌법,명사,80346
대한제국,명사,80429
대한해협,명사,80638
대합,명사,82053
대항마,명사,81805
대항해시대,명사,81458
대화형,명사,412000
댄디즘,명사,411670
더께,명사,414940
덕업상권,명사,412191
덕종,명사,81881
덕트,명사,515780
덩크슛,명사,83632
덮어놓다,동사,84003
덮어쓰다,동사,415095
데네브,명사,82450
데님,명사,83818
데릴사위제,명사,415483
데면데면,부사,84431
데카르트,명사,415086
델타,명사,415918
뎅기열,명사,84021
도검,명사,84181
도꼬마리,명사,413448
도다리,명사,83755
도덕경,명사,84454
도로교통법,명사,84596
도망질,명사,84962
도망질치다,동사,85017
도매금,명사,85043
도매업자,명사,85331
도미노,명사,415911
도미니카,명사,85577
도선료,명사,85749
도선사,명사,415946
도시적,명사,84804
도외시,명사,416258
도원결의,명사,415851
도의적,명사,415818
도의회,명사,86653
도청도설,명사,85062
도축,명사,86261
도쿄,명사,86337
도킹,명사,86065
도킹하다,동사,86066
도탄지고,명사,415622
도통,명사,85779
도파민,명사,412712
도하,명사,86699
도해하다,동사,86499
독가스,명사,85787
독거,명사,86185
독단론,명사,416733
독생자,명사,416067
독서망양,명사,86211
독숙공방,명사,87756
독순술,명사,87758
독심술,명사,413094
독야청청,명사,416495
독음,명사,87872
독재하다,동사,88739
독트린,명사,87673
독학생,명사,416948
독학하다,동사,87825
돈나무,명사,87570
돈벼락,명사,88603
돈주머니,명사,413110
돈키호테,명사,413260
돋움,명사,414138
돌라붙다,동사,417037
돌아치다,동사,87604
동가홍상,명사,414320
동강동강,부사,88622
동거남,명사,88678
동거녀,명사,88679
동거자,명사,88683
동국,명사,88483
동기부여,명사,88241
동기식,명사,416707
동기화,명사,89073
동남동,명사,87268
동넷집,명사,88924
동두천,명사,89215
동맥경화,명사,88152
동명사,명사,87277
동북동,명사,89844
동북아시아,명사,89850
동성왕,명사,412665
동성혼,명사,91155
동시다발,명사,515333
동아시아,명사,90055
동역학,명사,414430
동예,명사,417059
동위원소,명사,414345
동유럽,명사,412670
동인지,명사,89706
동일범,명사,515782
동자개,명사,413783
동장군,명사,416975
동족방뇨,명사,89459
동질적,명사,414591
동천왕,명사,90613
동축케이블,명사,416992
동탁,명사,88508
동태눈,명사,88280
동티,명사,414758
동티모르,명사,518805
돼먹다,동사,91315
되알지다,형용사,414618
된소리되기,명사,92363
됨됨,명사,93092
두릅나무,명사,415200
두리뭉실하다,형용사,415757
두리안,명사,91905
두바이,명사,93290
두성,명사,88524
두음법칙,명사,92264
두피,명사,92153
둔기,명사,419448
둔화하다,동사,88312
둘러맞추다,동사,94283
둘러쌓다,동사,92488
둥구나무,명사,419535
뒈지다,동사,413293
뒤로하다,동사,95371
뒤죽박죽되다,동사,417381
뒤태,명사,93699
뒷거리,명사,417368
뒷날개,명사,419456
뒷발질,명사,417340
드래그,명사,92486
드러머,명사,93047
드리블,명사,93464
득달같다,형용사,94938
득실점,명사,94683
들보,명사,94086
들여쓰기,명사,95362
들통나다,동사,518936
등가교환,명사,95124
등고자비,명사,416201
등기소,명사,418178
등록제,명사,96457
등롱,명사,94890
등비수열,명사,95059
등원,명사,96466
등원하다,동사,416191
등지,명사,95376
등차수열,명사,96246
등화관제,명사,96422
디렉터리,명사,420965
디버깅,명사,96231
디오니소스,명사,94471
디젤,명사,94830
디지타이저,명사,96117
디코더,명사,95968
디트로이트,명사,94539
디플레이션,명사,95810
따개비,명사,95879
딴소리하다,동사,96477
딴죽,명사,96080
딸각딸각,부사,95531
딸년,명사,414698
땀샘,명사,94892
땅꼬마,명사,95892
땅울림,명사,418481
때죽나무,명사,95720
땜납,명사,97254
땟국물,명사,510063
땟물,명사,96303
땡,부사,96306
떡갈나무,명사,416971
떡갈비,명사,95785
떽떽거리다,동사,97129
뗀석기,명사,97131
똥강아지,명사,515354
똥그래지다,동사,96938
똥싸개,명사,418759
똥침,명사,515963
똥파리,명사,418567
뛰뛰빵빵,부사,411526
뜨끔,부사,419919
뜨락,명사,99075
뜬공,명사,100734
띄어쓰기하다,동사,98373
라니냐,명사,99025
라돈,명사,99487
라마단,명사,99857
라벤더,명사,420571
라스베이거스,명사,101061
라이브러리,명사,98957
라이선스,명사,100131
라이프니츠,명사,419406
라트비아,명사,101344
라트비아어,명사,421240
라틴,명사,99138
라틴아메리카,명사,420802
라틴어,명사,100576
란제리,명사,99848
람바다,명사,99357
랜,명사,421344
랜턴,명사,99863
랠리,명사,418239
램,명사,99865
랩,명사,102081
랭크되다,동사,101238
러닝,명사,101778
러브,명사,101203
러브신,명사,101870
러시안룰렛,명사,420605
러일전쟁,명사,421474
런던,명사,421034
레닌그라드,명사,99908
레몬차,명사,101463
레버,명사,101485
레이더망,명사,418404
레이블,명사,420608
레이아웃,명사,102324
레일건,명사,103105
레즈비언,명사,101350
레지스터,명사,420576
레퀴엠,명사,100582
렌더링,명사,100279
렘,명사,421197
로고,명사,421399
로그,명사,101418
로더,명사,101049
로데오,명사,101051
로딩,명사,103492
로렌츠,명사,422510
로렌츠곡선,명사,105566
로마,명사,417861
로마인,명사,419628
로망,명사,418405
로봇공학,명사,421428
로스앤젤레스,명사,103927
로스트비프,명사,422050
로즈메리,명사,102901
로케이션,명사,105745
로크,명사,103513
로큰롤,명사,103368
로테이션,명사,417631
롤,명사,422292
롤러코스터,명사,102764
롤빵,명사,103320
롤플레잉,명사,102627
롬,명사,102629
뢴트겐,명사,422980
루브르박물관,명사,104627
루스벨트,명사,420256
루터,명사,105027
룰,명사,105244
룰렛,명사,423564
룸메이트,명사,105246
룸서비스,명사,105250
르네상스,명사,417547
르완다어,명사,105748
리듬체조,명사,418024
리벳,명사,104681
리부팅,명사,105850
리셋,명사,106219
리스프,명사,106002
리얼하다,형용사,412145
리조트,명사,107725
리턴,명사,107895
리투아니아,명사,420104
리투아니아어,명사,107073
리튬,명사,107074
릴리스,명사,106387
링커,명사,107885
링컨,명사,417755
마거릿,명사,107470
마권,명사,423930
마귀할멈,명사,423932
마그네슘,명사,107661
마나,명사,108876
마네,명사,106010
마늘장아찌,명사,418628
마드리드,명사,107612
마루방,명사,108555
마름모꼴,명사,107120
마리아,명사,106084
마리화나,명사,108949
마립간,명사,108954
마마보이,명사,108768
마멀레이드,명사,108979
마방진,명사,417765
마산,명사,107888
마성,명사,107695
마스킹,명사,106414
마스터,명사,109014
마시멜로,명사,108482
마우스피스,명사,109167
마이너,명사,423366
마이애미,명사,109951
마이크로프로세서,명사,420200
마저,부사,108809
마젠타,명사,107920
마젤란,명사,420824
마중물,명사,110061
마중지봉,명사,109225
마지노선,명사,109464
마차부자리,명사,109176
마초,명사,108523
마취제,명사,108439
마케도니아,명사,420483
마파두부,명사,108797
마하,명사,109001
막돼먹다,형용사,109417
막역지간,명사,419573
막역지우,명사,109155
만강홍,명사,109601
만국박람회,명사,107265
만금,명사,107523
만끽,명사,419213
만날,부사,108003
만리장성,명사,423736
만성질환,명사,110635
만수국,명사,422791
만파식적,명사,423540
만학도,명사,515363
말갈,명사,109949
말고기,명사,110196
말라위,명사,422821
말랭이,명사,109911
말레이어,명사,109710
말줄임표,명사,427237
맑은국,명사,112180
맘고생,명사,110539
맛술,명사,112479
맛집,명사,518989
망간,명사,112442
망상하다,동사,111444
망신거리,명사,111644
망양지탄,명사,112190
망원렌즈,명사,423881
망태,명사,110994
맞교환,명사,112270
맞교환하다,동사,112271
맞닥트리다,동사,112224
맞부딪히다,동사,420532
맞짱,명사,517771
매가리,명사,113519
매개변수,명사,111708
매뉴얼,명사,420508
매료,명사,112558
매수세,명사,113138
매일매일,명사,516067
매장문화재,명사,112901
매직,명사,111760
매크로,명사,427449
매킨토시,명사,424067
매화,명사,112829
매화나무,명사,112894
맥수지탄,명사,420905
맥아당,명사,113189
맥줏집,명사,113514
맨드라미,명사,114129
맨체스터,명사,420910
맨틀,명사,112799
맨홀,명사,421104
맴돌이,명사,114025
맴돌이전류,명사,113115
맵차다,형용사,112732
맹감,명사,114256
맹금,명사,112928
맹랑스럽다,형용사,112806
맹모삼천,명사,113296
맹모삼천지교,명사,112870
맹숭맹숭,부사,518488
맹약,명사,114443
맹연습,명사,114729
맹연습하다,동사,114730
머루,명사,421166
머리글,명사,112645
먹장어,명사,420430
멀티태스킹,명사,115810
멀티플렉서,명사,115812
멍게,명사,421300
멍멍이,명사,115372
멍키스패너,명사,424321
메가비트,의존 명사,421564
메가와트,명사,518435
메가톤,명사,421567
메들리,명사,114542
메르헨,명사,421573
메밀묵,명사,421679
메소포타미아,명사,115659
메스실린더,명사,115115
메슥메슥,부사,115137
메시에,명사,115146
메이다,동사,113800
메이저,명사,115474
메이저리그,명사,115523
메이크업,명사,115528
메이크업하다,동사,421897
메추라기,명사,114283
메카,명사,424331
메케하다,형용사,115716
메탄,명사,115827
메탄올,명사,114932
메틸알코올,명사,424904
멘델,명사,113647
멘델레예프,명사,115486
멜라민,명사,421898
멜라토닌,명사,421899
멤버십,명사,424851
며칟날,명사,115155
면세품,명사,115161
면식범,명사,117019
면역반응,명사,116706
면역억제제,명사,115024
면역학,명사,424698
면종복배,명사,422134
면죄,명사,118292
면책조항,명사,421682
면허정지,명사,424507
면허취소,명사,115842
멸문지화,명사,421741
멸실,명사,114837
명당자리,명사,115958
명령법,명사,115494
명명백백하다,형용사,421776
명문화,명사,116064
명사수,명사,114872
명사형,명사,425076
명산대천,명사,116564
명실상부,명사,116862
명심보감,명사,116864
명안,명사,115849
명약관화,명사,116939
명예교수,명사,115867
명예훼손,명사,114972
명왕성,명사,424900
명조체,명사,117849
명종,명사,117911
명확,명사,424875
몇일,특수:금지어,117137
모과나무,명사,117947
모나리자,명사,118232
모내기하다,동사,116309
모네,명사,418880
모니터링,명사,116816
모데라토,명사,116927
모델링,명사,116985
모듈,명사,117712
모란,명사,117588
모래벌판,명사,422191
모래언덕,명사,118318
모래톱,명사,422962
모병,명사,425773
모병하다,동사,116135
모세혈관,명사,425584
모스,명사,118482
모스크바,명사,119857
모슬렘,명사,117606
모음조화,명사,118573
모자반,명사,118382
모즐리,명사,425388
모차르트,명사,425545
모터스포츠,명사,118225
모험가,명사,118453
목거리,명사,117691
목공품,명사,118781
목도,명사,428420
목뼈,명사,118042
목살,명사,117297
목성,명사,118979
목욕통,명사,120375
목이버섯,명사,120096
목자자리,명사,423258
목적물,명사,119792
목적세,명사,119798
목종,명사,119865
목줄,명사,118809
목탄화,명사,423162
목포,명사,119567
목표물,명사,120242
목표치,명사,120248
목화밭,명사,423246
몬테네그로,명사,426286
몬트리올,명사,120194
몰래몰래,부사,120093
몰수품,명사,428607
몰씬몰씬,부사,423252
몰이,명사,120294
몸수색,명사,422754
몽고족,명사,120118
몽구스,명사,426066
몽둥이찜질,명사,120412
뫼,명사,121104
뫼비우스,명사,426414
묏자리,명사,119911
묘두현령,명사,426884
묘족,명사,423203
묘향산맥,명사,121106
묫자리,명사,518482
무가지,명사,120865
무구정광대다라니경,명사,423644
무기징역,명사,428779
무너트리다,동사,120983
무담보,명사,121190
무당거미,명사,121008
무득점,명사,118203
무뚝뚝,명사,117951
무령왕,명사,122272
무릎베개,명사,427805
무림,명사,120696
무모증,명사,122111
무반동,명사,122329
무반동총,명사,426398
무반응,명사,510480
무반주,명사,426399
무방비하다,형용사,116615
무사통과되다,동사,122542
무사통과하다,동사,122543
무산,명사,122544
무산계급,명사,122784
무상증자,명사,120916
무색투명하다,형용사,122473
무생물체,명사,423387
무성생식,명사,424019
무소,명사,122914
무스탕,명사,121720
무안타,명사,122305
무역수지,명사,122174
무역풍,명사,430126
무열왕,명사,121391
무왕,명사,423638
무운,명사,430681
무임승차하다,동사,125174
무주공산,명사,123743
무지갯빛,명사,123884
무차별곡선,명사,424441
무청,명사,424215
무탈하다,형용사,125203
무해,명사,423980
무화과나무,명사,427398
무효율,명사,510433
무효전력,명사,424446
묵과되다,동사,124782
묵시록,명사,427400
묵음,명사,424240
문경지교,명사,424808
문광부,명사,510476
문단속하다,동사,124453
문맥적,명사,123110
문무왕,명사,428162
문서화,명사,424758
문예부,명사,427001
문자왕,명사,424568
문장부사,명사,428166
문종,명사,124068
문주왕,명사,424586
문학론,명사,127210
문화관광부,명사,124682
문화재청,명사,124887
문화체육관광부,명사,517239
물고기자리,명사,427415
물귀신,명사,424008
물동량,명사,125639
물류비,명사,126450
물류비용,명사,427613
물벼룩,명사,125224
물병자리,명사,124469
물새,명사,129466
물성,명사,126739
물소,명사,424992
물어물어,부사,126147
물여울,명사,125339
물엿,명사,425018
물청소,명사,126729
물청소하다,동사,126730
물총새,명사,127525
물타기,명사,124900
물푸레,명사,128954
물푸레나무,명사,424945
뭇,명사,126826
뭇국,명사,126831
뭉크,명사,128136
뭉클뭉클하다,형용사,129000
뮌헨,명사,428240
뮤직비디오,명사,516463
미공개,명사,515968
미국인,명사,125386
미끌미끌,부사,428854
미납되다,동사,127338
미납자,명사,425237
미납하다,동사,126275
미노타우로스,명사,127556
미니어처,명사,127102
미대,명사,128747
미더덕,명사,428428
미들웨어,명사,125352
미래창조과학부,명사,518759
미루나무,명사,425496
미분,명사,126058
미선나무,명사,127880
미소녀,명사,128796
미완성되다,동사,127143
미완성품,명사,428885
미운털,명사,428181
미적분,명사,127722
미적분학,명사,127723
미지급,명사,127124
미천왕,명사,126371
미친개,명사,125647
미친년,명사,427307
미켈란젤로,명사,126570
미터법,명사,127168
미토콘드리아,명사,127434
미필자,명사,428100
미필적고의,명사,129365
미합중국,명사,127450
미흡,명사,429255
민낯,명사,128769
민달팽이,명사,428091
민망히,부사,126842
민며느리제,명사,125465
민방위대,명사,428324
민사소송,명사,132892
민사소송법,명사,428074
민족주의자,명사,129086
민주공화국,명사,126103
민주제,명사,428080
민첩,명사,128553
민트,명사,428551
밀고자,명사,126567
밀대,명사,125808
밀라노,명사,131587
밀매되다,동사,125752
밀매하다,동사,125750
밀명,명사,125760
밀수입하다,동사,128300
밀수출하다,동사,128305
밀양,명사,428476
밀입국하다,동사,128505
바게트,명사,429835
바구미,명사,133383
바그다드,명사,428565
바꿔치기,명사,516171
바느질삯,명사,428831
바다거북,명사,133637
바다표범,명사,131958
바닷가재,명사,517858
바닷게,명사,130033
바드득,부사,131113
바드등,부사,131371
바람직,명사,430008
바륨,명사,430418
바르셀로나,명사,130117
바벨론,명사,426215
바빌론,명사,133224
바스크,명사,426391
바스크어,명사,133523
바오바브나무,명사,130373
바이오리듬,명사,429969
바이킹,명사,426198
바인딩,명사,130424
바주카,명사,133507
바주카포,명사,133508
바커스,명사,130090
바쿠스,명사,426590
바특하다,형용사,131398
바티칸,명사,133262
박격포,명사,426378
박달나무,명사,133788
박막,명사,426795
박물,명사,133012
박스권,명사,130152
박애주의,명사,131496
박이부정,명사,429943
박정희,명사,427197
반감기,명사,131891
반경,명사,131691
반달가슴곰,명사,426341
반달곰,명사,133938
반대론,명사,133060
반모음,명사,430705
반물질,명사,131177
반사경,명사,132881
반사판,명사,430905
반신상,명사,132828
반어법,명사,426741
반어적,명사,518239
반응성,명사,130842
반자동,명사,131980
반죽음,명사,431064
반지하,명사,515803
발간물,명사,132622
발기부전,명사,140569
발렌시아,명사,134942
발명인,명사,131410
발모가지,명사,426920
발모제,명사,131158
발사기,명사,140021
발사대,명사,140022
발사장,명사,140025
발사체,명사,518299
발생적,명사,134469
발신기,명사,427737
발음법,명사,427751
발정기,명사,134640
발트해,명사,136619
발품,명사,429273
밤밥,명사,136276
밥값,명사,135418
밥도둑,명사,429374
밥버러지,명사,136325
밥벌레,명사,429326
방그레,부사,134592
방대,명사,430499
방미,명사,135646
방범대,명사,135171
방사성,명사,135901
방송통신위원회,명사,518773
방수제,명사,429537
방아깨비,명사,432544
방약무인,명사,136470
방어력,명사,430656
방어책,명사,138240
방열판,명사,430647
방위각,명사,136233
방위사업청,명사,518138
방임주의,명사,135900
방전,명사,135855
방전등,명사,432898
방전하다,동사,136106
방주,명사,142801
방진,명사,430603
방콕,명사,136542
방탄,명사,136548
방탄차,명사,136814
방해죄,명사,433086
방향감각,명사,136785
방호시설,명사,429709
방화문,명사,136483
밭농사하다,동사,142257
밭머리,명사,429740
배관공,명사,134127
배꼽시계,명사,433114
배달겨레,명사,137346
배달말,명사,137350
배달족,명사,138247
배따라기,명사,429570
배럴,명사,427540
배롱나무,명사,139469
배상액,명사,134144
배색하다,동사,433299
배석,명사,137552
배수지,명사,430775
배양기,명사,134297
배양접시,명사,510927
배은망덕하다,형용사,433268
배임,명사,429566
배전반,명사,431022
배추벌레,명사,134788
백두대간,명사,518301
백두산정계비,명사,141506
백라이트,명사,141526
백령도,명사,143344
백록담,명사,143650
백분비,명사,141220
백스페이스,명사,430768
백악관,명사,145028
백악기,명사,145030
백양목,명사,140959
백업,명사,140966
백업하다,동사,140967
백의종군,명사,142653
백전백승,명사,138803
백중맞이,명사,434237
백척간두,명사,430805
백치미,명사,143897
밴,명사,515455
밴쿠버,명사,430730
밸런스,명사,432336
뱀자리,명사,139158
버러지,명사,145322
버마,명사,138516
버전,명사,142053
버쩍버쩍,부사,138570
버클,명사,431134
버퍼,명사,145536
번드레하다,형용사,146416
번드르르하다,형용사,146417
번들,명사,139033
번화롭다,형용사,431511
벌새,명사,429784
벌충되다,동사,145802
범고래,명사,430243
범용,명사,142211
범죄시하다,동사,431671
범죄인,명사,431673
범죄학자,명사,138464
범죄행위,명사,138465
법가,명사,140449
법대,명사,431502
법률행위,명사,140351
법무,명사,140704
법무관,명사,140706
법무사,명사,140709
법무행정,명사,141583
법의학,명사,430998
법제처,명사,429957
법조,명사,140416
법치국가,명사,141944
법흥왕,명사,432116
베가,명사,432094
베드신,명사,140402
베드타운,명사,431485
베레,명사,141911
베를린,명사,430447
베어링,명사,140727
베이징,명사,432785
베타,명사,435536
베타카로틴,명사,146270
벡터,명사,433396
벤처기업,명사,150920
벵골어,명사,432813
벼농사하다,동사,146629
벼리다,동사,146234
벽골제,명사,429140
변기통,명사,146056
변동성,명사,151544
변별력,명사,139199
변성,명사,151769
변성암,명사,145972
변속기,명사,145979
변압기,명사,432237
변용하다,동사,146545
변위,명사,146550
변이,명사,146573
변전,명사,145476
변증법,명사,428949
변화구,명사,143323
변환기,명사,148650
별가,명사,147020
별무반,명사,146820
별점,명사,432989
병리학자,명사,148629
병목,명사,147806
병무청,명사,147814
병문안하다,동사,146527
병살,명사,146455
병살타,명사,430691
병소,명사,147125
병역기피,명사,146188
병역법,명사,435542
병원성,명사,143073
병자호란,명사,146493
병점,명사,145528
병참,명사,144101
보건복지가족부,명사,517243
보국안민,명사,436046
보궐,명사,149791
보궐선거,명사,149794
보드득,부사,149561
보들보들,부사,143501
보디가드,명사,143833
보르도,명사,433791
보리수,명사,143848
보리수나무,명사,435839
보부상,명사,144375
보사노바,명사,433779
보수공사,명사,433706
보수당,명사,144856
보수주의,명사,431650
보수주의자,명사,144864
보스턴,명사,150914
보신각종,명사,143193
보아하니,부사,144631
보아한들,부사,144632
보안회,명사,146074
보온성,명사,433766
보완재,명사,150358
보육기,명사,436247
보이스카우트,명사,431662
보잘것없이,부사,143451
보조동사,명사,150327
보조용언,명사,144248
보조제,명사,145216
보조형용사,명사,145507
보충수업,명사,144324
보충역,명사,144329
보컬,명사,144931
보크사이트,명사,144952
보합,명사,142906
보합권,명사,142911
보합세,명사,434188
보형물,명사,145221
보호관찰,명사,144153
보호조치,명사,433760
복근,명사,149890
복당,명사,149708
복당하다,동사,149709
복대,명사,154528
복분자,명사,149446
복불복,명사,154265
복사꽃,명사,431984
복소수,명사,155156
복숭아나무,명사,430114
복음주의,명사,436604
복지국가,명사,147252
복합문,명사,153974
복호화,명사,154549
본격,명사,434352
본새,명사,155990
본영,명사,434541
본조,명사,151610
본청,명사,152378
볼락,명사,434538
볼록렌즈,명사,150247
봄나무,명사,147687
봄방학,명사,149331
봉급생활자,명사,148184
봉선화,명사,434082
봉쇄정책,명사,434987
봉수대,명사,434322
봉술,명사,155673
봉숭아,명사,147904
봉헌하다,동사,148774
부가가치,명사,150266
부가가치세,명사,434327
부가물,명사,150564
부가세,명사,434331
부기장,명사,147392
부끄럼쟁이,명사,515853
부당이득,명사,149921
부도내다,동사,428934
부도체,명사,155170
부동소수점수,명사,150436
부둥키다,동사,147674
부러트리다,동사,149570
부레,명사,434486
부룬디,명사,434716
부민,명사,159214
부보상,명사,160341
부사수,명사,151998
부산광역시,명사,152586
부서하다,동사,158678
부설권,명사,148210
부설되다,동사,148440
부설하다,동사,148205
부소,명사,152144
부수뜨리다,동사,160054
부스,명사,516077
부스터,명사,155261
부시,명사,156104
부양책,명사,148698
부엌일,명사,160332
부엌칼,명사,160638
부원장,명사,434877
부위원장,명사,152867
부의장,명사,433237
부이,명사,158726
부작위,명사,160075
부장검사,명사,437585
부장품,명사,160103
부저,명사,154641
부적절,명사,155251
부전승,명사,155862
부정교합,명사,157584
부정부사,명사,439107
부제목,명사,150711
부지하다,동사,155585
부창부수,명사,152430
부티크,명사,516212
부팅,명사,157290
부프로그램,명사,438705
부호화되다,동사,147360
부화뇌동하다,동사,438162
북구,명사,148506
북극성,명사,157595
북극점,명사,157599
북대서양,명사,438719
북대서양조약기구,명사,157913
북북동,명사,153535
북북서,명사,153537
북어쾌,명사,156757
북유럽,명사,157059
북태평양,명사,516781
북학파,명사,435739
북한강,명사,153218
북한산,명사,432049
북한어,명사,517839
분골쇄신,명사,438357
분납하다,동사,155751
분대,명사,438894
분대장,명사,153075
분동,명사,153333
분류학,명사,151574
분서갱유,명사,153847
분석기,명사,154142
분소,명사,154757
분쇄기,명사,155340
분해능,명사,155047
분향소,명사,515808
불가리아어,명사,156103
불가분채권,명사,435643
불가분채무,명사,152248
불가지론,명사,435817
불가피,명사,153384
불로불사,명사,160613
불로소득,명사,435109
불밤송이,명사,153171
불복,명사,164192
불분명,명사,153793
불붙이다,동사,156899
불심검문,명사,440076
불안전,명사,157462
불여귀,명사,160009
불열,명사,434648
불완전연소,명사,435573
불용성,명사,159241
불운아,명사,439901
불이익하다,형용사,156893
불임수술,명사,157746
불치하문,명사,438568
불쾌히,부사,159280
불펜,명사,157454
불합리성,명사,160898
불협화음,명사,437339
불확정,명사,159290
붓글씨,명사,162331
붕당,명사,152967
붕소,명사,436995
붕어빵,명사,156922
붕장어,명사,437291
붙임성,명사,159185
붙임표,명사,163607
뷰어,명사,162333
브라보,감탄사,437211
브라우저,명사,437031
브라운관,명사,438373
브래지어,명사,435551
브랜디,명사,152452
브러시,명사,152454
브로커,명사,439491
브로콜리,명사,156945
브롬,명사,157491
브루나이,명사,158616
브리핑하다,동사,161213
블라디보스토크,명사,160474
블랙,명사,152706
블랙박스,명사,439293
블랙베리,명사,152715
블랙커피,명사,153289
블랙홀,명사,433610
블레이드,명사,439301
블록,명사,156935
블루베리,명사,437076
블루칩,명사,158055
비경제적,명사,436858
비공식,명사,156447
비공식적,명사,437025
비관론,명사,152748
비교급,명사,153581
비교종교학,명사,437267
비구니,명사,157781
비금속,명사,164660
비난조,명사,159072
비너스,명사,159638
비녀,명사,437022
비뇨기과,명사,156454
비눗물,명사,439297
비능률,명사,157235
비능률적,명사,157236
비닐하우스,명사,436910
비단길,명사,163369
비단뱀,명사,436498
비단옷,명사,436968
비대칭형,명사,158469
비동기,명사,437754
비례대표,명사,158093
비망록,명사,163362
비매품,명사,436896
비목,명사,164138
비무장지대,명사,164675
비번,명사,159658
비범성,명사,434951
비비대다,동사,154210
비빔국수,명사,162519
비상계엄,명사,164417
비상등,명사,436964
비상사태,명사,160668
비상식량,명사,157668
비상하다,동사,436307
비서관,명사,158838
비소,명사,159959
비수,명사,161449
비신사적,명사,164159
비아냥,명사,157683
비애감,명사,158532
비약,명사,158538
비영리단체,명사,437241
비원,명사,436102
비유왕,명사,436290
비인도적,명사,159143
비전문적,명사,161439
비점,명사,437246
비준하다,동사,163669
비즈니스맨,명사,164177
비치파라솔,명사,437621
비트,명사,163335
비트맵,명사,161687
비평문,명사,162629
비평적,명사,438299
비표,명사,435225
비표준어,명사,162923
비프스튜,명사,162931
비핵화,명사,164032
비행사,명사,160846
비협조적,명사,157703
비활성,명사,161093
빅토리아,명사,167375
빈도수,명사,163223
빈민굴,명사,439346
빈볼,명사,164844
빈티,명사,438402
빈티지,명사,167651
빗살,명사,158222
빙고,명사,167385
빙과,명사,167391
빙의,명사,164045
빙의하다,동사,164046
빙초산,명사,161405
빙충맞다,형용사,161406
빙하기,명사,165695
빛줄기,명사,161553
빠각,부사,162710
빠릿빠릿하다,형용사,440471
빠삭하다,동사,165965
빠이빠이,감탄사,166523
빠짐없다,형용사,167701
빡,부사,437997
빨래터,명사,158772
빵빵하다,동사,159963
뺑뺑,부사,437971
뻗디디다,동사,163021
뻘쭘하다,형용사,517777
뻣세다,형용사,165764
뻥쟁이,명사,159597
뼈오징어,명사,157127
뽀록나다,동사,164094
뽈록,부사,435948
뽕나무,명사,441020
뾰족구두,명사,434865
뿔나다,동사,161894
뿡,부사,165208
삐뚤삐뚤하다,동사,437801
삐리,명사,160735
삥땅,명사,169019
사각팬티,명사,164279
사격장,명사,164795
사고무친,명사,167902
사고사,명사,442056
사고율,명사,168197
사과즙,명사,164319
사관학교,명사,437593
사교댄스,명사,169902
사구,명사,167987
사글셋방,명사,166217
사기충천,명사,173011
사내놈,명사,440811
사다리꼴,명사,169915
사단법인,명사,166658
사단장,명사,436541
사대주의자,명사,162487
사디스트,명사,166081
사디즘,명사,166347
사랑스레,부사,167726
사랑싸움,명사,167727
사령관,명사,169136
사령부,명사,169138
사륜구동,명사,517008
사림,명사,166548
사림파,명사,442251
사립대학,명사,163975
사립학교,명사,163979
사마리아인,명사,167774
사마의,명사,161539
사마중달,명사,161542
사망률,명사,440239
사면체,명사,440306
사무관,명사,438218
사무자동화,명사,173547
사방댐,명사,170630
사법시험,명사,440089
사분오열,명사,439725
사뿐하다,형용사,171556
사뿐히,부사,171276
사사오입,명사,166112
사상적,명사,169118
사생취의,명사,169217
사서삼경,명사,438862
사소,명사,165521
사수자리,명사,167022
사순절,명사,172382
사슴벌레,명사,436155
사시나무,명사,168918
사실관계,명사,170067
사업비,명사,168631
사업소,명사,168885
사유물,명사,168041
사육제,명사,167313
사이드카,명사,161272
사이보그,명사,173780
사이시옷,명사,439548
사이클론,명사,170134
사인회,명사,440832
사임당,명사,168604
사잇소리,명사,165814
사자자리,명사,439676
사자춤,명사,439678
사정판결,명사,169863
사채업,명사,515512
사초,명사,165831
사탕발림하다,동사,165298
사파리,명사,169590
사향,명사,172376
사향고양이,명사,440348
사화산,명사,438081
사회간접자본,명사,169574
사회문제,명사,170457
사회민주주의,명사,436553
사회복지사,명사,518777
사회주의자,명사,168351
사흗날,명사,169584
삭둑,부사,165805
삭둑삭둑,부사,166692
삯전,명사,436747
산돼지,명사,176756
산딸나무,명사,441302
산림청,명사,444339
산발,명사,176747
산법,명사,171071
산사나무,명사,173182
산성도,명사,445984
산소호흡기,명사,176187
산술평균,명사,171346
산신제,명사,441482
산양,명사,441912
산업스파이,명사,167034
산업적,명사,178120
산업통상자원부,명사,518763
산업혁명,명사,172390
산책로,명사,440162
산출물,명사,175585
산포도,명사,171709
산화,명사,174153
산화되다,동사,441892
산화물,명사,166382
산화제,명사,444920
살구나무,명사,441999
살구색,명사,517482
살균법,명사,172913
살그미,부사,177844
살무사,명사,441346
살별,명사,172016
살생부,명사,177528
살신성인하다,동사,178160
살인죄,명사,175080
살천스럽다,형용사,439943
삵,명사,171730
삼각대,명사,442188
삼각자,명사,440994
삼각주,명사,178192
삼각지대,명사,173869
삼각측량,명사,442068
삼각함수,명사,174175
삼간초가,명사,174788
삼국지,명사,176238
삼국지연의,명사,441386
삼나무,명사,170549
삼년불비,명사,170838
삼단논법,명사,171752
삼바,명사,170229
삼분오열,명사,178231
삼성,명사,170266
삼우제,명사,173633
삼일천하,명사,441806
삼족오,명사,172196
삼짇날,명사,441006
삼차,명사,164959
삼척,명사,441050
삼천리금수강산,명사,169990
삼천지교,명사,441264
삼천포,명사,170272
삼태성,명사,177913
삽입곡,명사,170310
삿포로,명사,177609
상고심,명사,443444
상공회의소,명사,169443
상냥히,부사,172555
상대국,명사,173043
상대성이론,명사,444350
상대평가,명사,169725
상동,명사,170294
상동염색체,명사,441446
상등병,명사,175820
상륙작전,명사,177955
상무,명사,169519
상부,명사,180321
상상도,명사,178824
상생,명사,444611
상생하다,동사,182952
상선,명사,171669
상성,명사,182889
상쇄,명사,180339
상수리나무,명사,438964
상승기류,명사,174331
상시적,명사,175207
상임위원,명사,439230
상임위원회,명사,177696
상장하다,동사,180823
상전벽해,명사,179920
상종가,명사,182336
상층부,명사,178377
상태부사,명사,180853
상트페테르부르크,명사,444564
상파울루,명사,444380
상판,명사,182657
상평통보,명사,183013
상표권,명사,444781
상피세포,명사,178836
상하이,명사,442091
상하좌우,명사,517271
상향하다,동사,174060
상호작용,명사,511532
상호주의,명사,444087
상황버섯,명사,175388
새까매지다,동사,179466
새서방,명사,169661
새우무침,명사,179971
새우젓,명사,439173
새초롬하다,형용사,182048
새터민,명사,517748
색골,명사,442713
색마,명사,439002
색싯집,명사,171682
색즉시공,명사,175400
샌드백,명사,173335
샌디에이고,명사,169666
샌프란시스코,명사,442707
샐비어,명사,446014
생강즙,명사,443841
생나무,명사,438812
생뚱맞다,형용사,179375
생리학,명사,181477
생리학적,명사,446749
생매장하다,동사,182089
생명공학,명사,174518
생명과학,명사,174519
생명보험,명사,443024
생물학자,명사,176571
생소,명사,180634
생이별하다,동사,443390
생체리듬,명사,179363
생활수준,명사,443190
생활환경,명사,443181
샤프심,명사,178408
샬레,명사,180586
서귀포,명사,178494
서남서,명사,176945
서낭당,명사,442724
서대,명사,179388
서대문,명사,179392
서름서름하다,형용사,174912
서리서리,부사,511844
서머타임,명사,182628
서버,명사,441788
서북서,명사,187513
서브루틴,명사,445231
서빙,명사,445236
서사,명사,444715
서술형,명사,448160
서스펜스,명사,443583
서시,명사,180123
서양장기,명사,186925
서어나무,명사,448749
서울특별시,명사,178610
서원,명사,445862
서유기,명사,444863
서유럽,명사,178968
서희,명사,179898
석대,명사,182252
석류나무,명사,187600
석명,명사,184153
석삼년,명사,182415
석영,명사,184877
석유수출국기구,명사,449853
석유화학,명사,180120
석청,명사,187310
석호,명사,182731
석회석,명사,178982
선거관리위원회,명사,180177
선거되다,동사,180431
선거법,명사,180484
선거운동,명사,180756
선견부대,명사,180201
선곡,명사,186985
선공하다,동사,187296
선공후사,명사,187617
선관위,명사,183538
선루프,명사,187272
선릉,명사,186717
선명도,명사,444028
선봉,명사,185162
선뵈다,동사,181063
선우후락,명사,182844
선임자,명사,449200
선전포고,명사,186729
선종,명사,182142
선캄브리아기,명사,185757
선크림,명사,515538
선택지,명사,448611
선형대수학,명사,443922
설치류,명사,511255
설탕물,명사,184073
섬멸전,명사,444641
성공회,명사,184080
성남,명사,186463
성단,명사,177108
성덕왕,명사,448574
성매매,명사,516477
성모,명사,448988
성모상,명사,184738
성물,명사,440669
성분부사,명사,185695
성상부사,명사,192317
성소,명사,188828
성심성의,명사,190383
성어,명사,183591
성염색체,명사,186578
성왕,명사,447304
성음,명사,442762
성인영화,명사,192017
성조기,명사,447371
성종,명사,186606
성지순례,명사,446884
성체,명사,187730
성추행하다,동사,447285
성형수술,명사,447346
성희롱하다,동사,179895
세간살이,명사,445457
세계대전,명사,185435
세계은행,명사,191723
세계인,명사,445317
세계정부,명사,192034
세균성,명사,185110
세금계산서,명사,518913
세단,명사,186270
세로토닌,명사,443141
세무,명사,187397
세무조사,명사,443909
세법,명사,442790
세슘,명사,187118
세이브,명사,517610
세정제,명사,183678
세조,명사,447680
세종,명사,188868
세종특별자치시,명사,518740
세차운동,명사,178938
세팅,명사,445911
세포막,명사,444096
세포벽,명사,192387
세피아,명사,185959
섹터,명사,447870
센티멘털하다,형용사,187698
셀,명사,187375
셀레늄,명사,180090
셀로판테이프,명사,188993
셀프,명사,175999
셰일,명사,185690
셰퍼드,명사,447440
소갈비,명사,189020
소강상태,명사,446041
소개팅하다,동사,516458
소국,명사,188162
소금밭,명사,188719
소꿉친구,명사,190251
소도,명사,189458
소록도,명사,183964
소림사,명사,447409
소면,명사,187420
소멸시효,명사,447204
소명방법,명사,188725
소묘하다,동사,187202
소믈리에,명사,515818
소박이,명사,189356
소방방재청,명사,511434
소비에트,명사,444548
소비자물가,명사,447380
소비재,명사,188543
소생,대명사,443748
소성,명사,445874
소수림왕,명사,447612
소수성,명사,186801
소양강,명사,191981
소염제,명사,187918
소음순,명사,192665
소이탄,명사,189346
소자,명사,192417
소지왕,명사,196784
소집령,명사,448688
소초,명사,188359
소축척,명사,448872
소크라테스,명사,449542
소탐대실,명사,191876
소화기관,명사,193464
소화물,명사,193467
소환제,명사,194672
속내,명사,196492
속도위반,명사,449174
속물근성,명사,194364
속속히,부사,193340
속요,명사,193151
속통,명사,196223
손견,명사,192534
손권,명사,193475
손난로,명사,516227
손모가지,명사,195628
손익분기점,명사,193831
손자병법,명사,194426
손저울,명사,195064
손절매,명사,195070
손해배상,명사,195940
손해보험,명사,196234
솔로몬,명사,192748
송광사,명사,197323
송달되다,동사,193230
송수신기,명사,195354
송전탑,명사,193196
쇄직,명사,196994
쇠털,명사,445165
쇼트,명사,193293
쇼트닝,명사,445536
쇼트케이크,명사,449051
쇼트트랙,명사,449052
수공업품,명사,196440
수관형사,명사,197362
수구초심,명사,451671
수도복,명사,193620
수령자,명사,197077
수론,명사,193306
수리남,명사,449377
수박씨,명사,200563
수벌,명사,198866
수불석권,명사,195482
수사권,명사,197904
수사대,명사,198528
수산화나트륨,명사,201601
수산화칼륨,명사,446797
수산화칼슘,명사,193678
수색영장,명사,197689
수선수선하다,형용사,450234
수소법원,명사,445742
수소폭탄,명사,200982
수송선,명사,446816
수어지교,명사,194262
수온약층,명사,449976
수원,명사,452510
수유나무,명사,199263
수장고,명사,452807
수정구,명사,201076
수제품,명사,449939
수조권,명사,449946
수주대토,명사,449858
수직선,명사,449993
수직적,명사,198923
수채화구,명사,190971
수캉아지,명사,196076
수통,명사,199228
수퇘지,명사,452080
숙맥불변,명사,198366
숙박소,명사,450075
숙종,명사,200626
순국열사,명사,197475
순둥이,명사,195789
순망치한,명사,194001
순매도,명사,450851
순사,명사,196921
순서도,명사,193423
순수비,명사,201869
순열,명사,449515
순자,명사,450653
순장,명사,450656
순정파,명사,194284
순조,명사,450841
순천,명사,192833
순화어,명사,446953
술값,명사,196129
술덤벙물덤벙,부사,197933
술사,명사,446930
술친구,명사,199100
숨김없다,형용사,446721
숨바꼭질하다,동사,194510
숭고미,명사,202054
숭례문,명사,196944
숯불갈비,명사,201614
쉬엄쉬엄하다,동사,197925
슈뢰딩거,명사,446926
슈크림,명사,203330
슈퍼컴퓨터,명사,450973
스낵바,명사,202104
스로틀,명사,208868
스리슬쩍,부사,203205
스마트카드,명사,203772
스마트폰,명사,518906
스매시,명사,201349
스와질란드,명사,450594
스위트룸,명사,205399
스칼라,명사,202135
스컹크,명사,200192
스케이팅,명사,201378
스케일링하다,동사,201382
스코틀랜드,명사,451747
스콜,명사,209709
스쿠버,명사,209993
스크램블,명사,196899
스크롤,명사,446898
스크립트,명사,201966
스킨십,명사,203337
스타카토,명사,203977
스태프,명사,448332
스택,명사,204832
스턴트,명사,448326
스턴트맨,명사,205659
스턴트우먼,명사,448327
스테인드글라스,명사,202679
스테인리스강,명사,202680
스테인리스스틸,명사,202681
스텔스,명사,448709
스토브리그,명사,451105
스토아,명사,200513
스토아학파,명사,200515
스토커,명사,200517
스톡홀름,명사,193707
스톨,명사,205822
스튜,명사,450180
스파르타,명사,450107
스파크,명사,203650
스패너,명사,450573
스페어,명사,451274
스페이드,명사,203696
스프레드시트,명사,205964
스프링클러,명사,202117
스피노자,명사,199891
스피카,명사,451310
스피커폰,명사,451311
스핀들,명사,200533
슬라이더,명사,450230
슬라이딩하다,동사,450199
슬레이트,명사,450396
슬로베니아어,명사,198184
슬롯,명사,202778
슬롯머신,명사,447945
습득물,명사,200834
습지대,명사,203676
승기,명사,198989
승부차기,명사,210621
승전보,명사,205110
승조원,명사,205694
시가총액,명사,202269
시각장애인,명사,512071
시간강사,명사,203118
시공간,명사,200854
시그마,명사,210350
시나몬,명사,206148
시내전화,명사,451366
시냅스,명사,210371
시너지,명사,210389
시력검사,명사,205269
시료,명사,452221
시리우스,명사,210683
시망스럽다,형용사,450166
시뮬레이션,명사,450521
시뮬레이터,명사,204604
시민혁명,명사,205729
시버트,명사,451387
시베리아,명사,451377
시상하부,명사,202827
시소게임,명사,205163
시안,명사,199618
시애틀,명사,450847
시야각,명사,202581
시에라리온,명사,447663
시연하다,동사,198144
시위소찬,명사,205612
시의원,명사,202366
시장경제,명사,202884
시저,명사,451028
시정기,명사,203899
시중은행,명사,206223
시청료,명사,450327
시추선,명사,204348
시추하다,동사,204345
시칠리아,명사,451006
시카고,명사,203343
시클라멘,명사,450983
시폰,명사,203798
시프트,명사,202615
시행령,명사,204058
시황,명사,205073
시효,명사,205052
식객,명사,202377
식권,명사,448739
식도염,명사,202909
식모살이,명사,206763
식물도감,명사,207611
식민,명사,455102
식민주의,명사,207765
식산흥업,명사,209500
식산흥업하다,동사,209501
식상,명사,203589
식약청,명사,512352
식욕억제제,명사,212284
식이요법,명사,452452
식자우환,명사,207039
식충이,명사,449218
식품의약품안전청,명사,455346
식해,명사,207198
신간회,명사,451966
신경가스,명사,451968
신경세포,명사,452157
신교육,명사,452319
신기군,명사,202205
신도비,명사,205485
신라장적,명사,453690
신망하다,동사,452440
신문왕,명사,206042
신미양요,명사,455498
신민회,명사,208093
신보,명사,209772
신보군,명사,209778
신선도,명사,207827
신선로,명사,455328
신소,명사,209792
신승,명사,209893
신승하다,동사,209894
신안군,명사,449033
신용장,명사,208421
신용카드,명사,208692
신우대,명사,208354
신음하다,동사,210413
신자유주의,명사,453396
신장개업하다,동사,208967
신장세,명사,453782
신줏단지,명사,207118
신체시,명사,452502
신칸센,명사,453130
신탁,명사,208621
신플라톤주의,명사,206840
신학교,명사,206035
신학기,명사,452014
실각되다,동사,208974
실리카,명사,209940
실리카겔,명사,209941
실린더,명사,210078
실수투성이,명사,455725
실실거리다,동사,453093
실실대다,동사,209451
실업수당,명사,206582
실오리,명사,211104
실족사,명사,207285
실천성,명사,209213
실체적,명사,455281
실측,명사,208500
실측치,명사,210848
실크로드,명사,211121
실투,명사,454182
실패율,명사,451324
실험동물,명사,206719
실험장,명사,207311
심리하다,동사,206700
심리학자,명사,207000
심벌,명사,202459
심벌즈,명사,455645
심장마비,명사,453025
심전도,명사,204926
십이지장충,명사,211998
십일지국,명사,210277
십자군,명사,206610
싯누렇다,형용사,454126
싱크로나이즈,명사,451001
싸리나무,명사,454697
싸움닭,명사,214492
싸움판,명사,214497
쌀국수,명사,516492
쌀바구미,명사,453448
쌈닭,명사,212923
쌉싸래하다,형용사,213995
쌉싸름하다,형용사,454497
쌍곡선,명사,210949
쌍권총,명사,454634
쌍둥이자리,명사,211578
쌍화점,명사,212427
쌤통,명사,210169
써넣다,동사,214620
쏘가리,명사,454479
쏟아붓다,동사,516389
쓰러트리다,동사,211914
쓴소리,명사,214824
씨족,명사,455433
씻나락,명사,213391
아교,명사,207442
아나콘다,명사,214393
아나키스트,명사,214176
아나키즘,명사,214177
아노미,명사,454133
아늑히,부사,207377
아다지오,명사,450441
아덴,명사,454859
아드레날린,명사,451443
아득히,부사,212033
아들놈,명사,455414
아등바등하다,동사,212822
아라베스크,명사,453855
아라비아,명사,212525
아라비안나이트,명사,454300
아랍,명사,207191
아랍에미리트,명사,453163
아랍인,명사,212376
아랫돌,명사,211475
아랫부분,명사,212316
아롱지다,동사,453871
아르곤,명사,207968
아르메니아,명사,212647
아르메니아어,명사,454525
아르키메데스,명사,214226
아리스토텔레스,명사,451256
아마겟돈,명사,213387
아마존,명사,218408
아말감,명사,214117
아메리카,명사,214876
아물아물,부사,215672
아미타불,명사,456788
아밀라아제,명사,221157
아보카도,명사,218938
아사달,명사,218012
아사자,명사,218290
아사하다,동사,456987
아삭아삭,부사,454620
아삭아삭하다,동사,218573
아성,명사,455996
아스라하다,형용사,208290
아슬하다,형용사,216617
아씨,명사,455978
아연,명사,207163
아연실색,명사,221761
아욱,명사,453152
아욱국,명사,217458
아웅다웅,부사,456298
아으,감탄사,219129
아이라인,명사,217613
아이러니하다,형용사,456433
아이로니컬하다,형용사,456434
아이슬란드어,명사,222311
아이코,감탄사,217728
아이템,명사,217742
아이피,명사,218029
아인슈타인,명사,454058
아작,부사,212106
아주머님,명사,458306
아카데미상,명사,217352
아크,명사,211036
아크로폴리스,명사,458267
아키텍처,명사,222947
아테네,명사,215243
아톰,명사,455114
아틀리에,명사,216344
아프간,명사,455559
아황산가스,명사,219018
악귀,명사,451435
악녀,명사,211633
악력,명사,453897
악장,명사,222962
악재,명사,222967
악질적,명사,451601
안구건조증,명사,455408
안내양,명사,458634
안동,명사,453472
안드로메다,명사,453662
안드로이드,명사,216106
안락감,명사,216130
안면도,명사,217507
안보리,명사,216284
안빈낙도,명사,455865
안시,명사,215605
안압지,명사,216390
안전기획부,명사,217932
안전사고,명사,458304
안전핀,명사,453116
안전행정부,명사,518761
안정성,명사,456472
안창살,명사,515165
안하무인격,명사,219380
알고리듬,명사,456331
알고리즘,명사,218510
알량하다,형용사,454418
알레르기성,명사,217417
알바니아어,명사,213560
알싸하다,형용사,216862
알코올램프,명사,456610
알콩달콩,부사,515620
알타이,명사,213610
알타이르,명사,213850
알파,명사,223198
알파벳순,명사,219262
알파카,명사,219835
알현,명사,220767
알현하다,동사,453628
암반,명사,223919
암산,명사,224255
암살자,명사,222640
암소,명사,457215
암스테르담,명사,457229
암약하다,동사,457588
암염,명사,220301
암페어,명사,224227
암호화되다,동사,223501
암호화하다,동사,223502
압권,명사,457406
압수물,명사,221809
압인,명사,219187
압제,명사,225573
앗다,동사,457200
앙,부사,219165
앙금,명사,457859
앙증하다,형용사,457197
앙탈,명사,457086
앞날개,명사,220938
앞말,명사,222722
앞밭,명사,450506
앞차기,명사,456722
애꾸눈,명사,220056
애달프다,형용사,457855
애독서,명사,222430
애독하다,동사,222429
애드리브,명사,458388
애매어,명사,225425
애명,명사,225679
애물,명사,457008
애벌,명사,219901
애상,명사,223407
애새끼,명사,219723
애연가,명사,453477
애용품,명사,223036
애이불비,명사,458209
애자련,명사,225149
애족,명사,223559
애증,명사,456726
애처롭다,형용사,222813
애틀랜타,명사,219507
애틋이,부사,457471
애플릿,명사,220346
애플파이,명사,220390
액막이,명사,458016
액세스,명사,224867
액셀러레이터,명사,458387
액젓,명사,515634
액제,명사,226001
액체연료,명사,457856
액화,명사,223313
액화석유가스,명사,223319
앰프,명사,226279
앵,부사,457165
앵글,명사,217844
앵두나무,명사,222570
앵무조개,명사,457263
앵벌이,명사,223706
앵앵,부사,219232
앵앵거리다,동사,456453
앵앵대다,동사,219244
야구방망이,명사,215971
야구팬,명사,220848
야금야금,부사,458281
야들야들하다,형용사,218388
야들하다,형용사,458068
야릇하다,형용사,458403
야멸차다,형용사,220085
야물다,형용사,452881
야바위,명사,452883
야바위꾼,명사,220720
야반도주하다,동사,221327
야생적,명사,223050
야속하다,형용사,221152
야스쿠니신사,명사,225461
야옹이,명사,222583
야욕,명사,457130
야자열매,명사,220382
야자유,명사,220396
야쿠자,명사,221161
야트막하다,형용사,457814
약값,명사,456459
약식기소,명사,226320
약재,명사,223191
약재상,명사,453435
약제,명사,219286
약체,명사,454214
약칭,명사,219938
약탈자,명사,454722
얍,감탄사,515639
얍삽하다,형용사,458244
양갓집,명사,457220
양갱,명사,220422
양계,명사,221063
양념장,명사,226657
양달,명사,224467
양도소득,명사,221098
양도소득세,명사,458276
양도증서,명사,225864
양동,명사,226129
양동이,명사,226132
양동작전,명사,459557
양동하다,동사,459555
양떼구름,명사,226736
양미간,명사,224657
양방향,명사,518281
양상군자,명사,226184
양성애,명사,219213
양성애자,명사,219214
양성자,명사,219512
양식장,명사,223910
양안,명사,230800
양원,명사,226466
양원제,명사,226481
양육자,명사,226796
양이온,명사,227906
양자론,명사,457568
양자리,명사,224720
양자역학,명사,225299
양잿물,명사,225195
양전하,명사,227242
양조간장,명사,230538
양탄자,명사,223878
양태부사,명사,223884
양팔,명사,225196
양피지,명사,225793
얕보이다,동사,232049
어구,명사,227942
어군,명사,223843
어군탐지기,명사,223845
어그러뜨리다,동사,460333
어그러트리다,동사,227961
어기영차,감탄사,458128
어댑터,명사,226516
어두침침하다,형용사,227671
어두침침히,부사,460720
어떡하다,동사,224595
어로불변,명사,231782
어름,명사,224152
어리광쟁이,명사,223641
어리벙벙,부사,461348
어리숙하다,형용사,225605
어릿어릿,부사,226277
어릿어릿하다,형용사,460575
어말,명사,226860
어망,명사,226797
어물,명사,225360
어부바,명사,457301
어슬렁,부사,227802
어시스트,명사,457279
어업면허,명사,231812
어영부영하다,동사,226864
어의,명사,456414
어이,감탄사,219403
어인,관형사,225494
어제오늘,명사,455828
어죽,명사,226881
어째,부사,223341
어째서,부사,223342
어퍼컷,명사,224987
어형,명사,455816
억제제,명사,224368
억지력,명사,225871
억짓손,명사,461090
언동,명사,226084
언명,명사,232440
언어도단,명사,225035
언즉시야,명사,224364
얼룩빼기,명사,224635
얼른얼른,부사,458294
얼음찜질,명사,227056
얼치기,명사,460513
엄나무,명사,230816
엄니,명사,461310
엄단,명사,231100
엄단하다,동사,231101
엄수되다,동사,230767
엄호,명사,460196
엄호하다,동사,230599
업그레이드,명사,235312
업그레이드하다,동사,462174
업데이트,명사,515656
업데이트하다,동사,515657
업보,명사,462527
업어치기,명사,461478
엇박자,명사,515659
엇비슷이,부사,459733
엉,부사,235323
엉뚱스럽다,형용사,228743
엎치다,동사,230323
에게해,명사,223355
에구머니나,감탄사,516397
에끼,감탄사,224497
에덴,명사,236543
에두르다,동사,461279
에디슨,명사,459213
에디터,명사,229006
에로,명사,230172
에리트레아,명사,229161
에메랄드,명사,459544
에스토니아,명사,458815
에스페란토,명사,455957
에스프레소,명사,232483
에어쇼,명사,228881
에이전시,명사,236261
에칭,명사,458991
에탄올,명사,228913
에틸알코올,명사,230332
에프티에이,명사,518916
에피쿠로스,명사,465568
엑,감탄사,459254
엔트로피,명사,457923
엘니뇨,명사,459827
엠피스리,명사,515661
엥,감탄사,456034
여단,명사,232475
여단장,명사,232479
여론전,명사,516611
여론조사,명사,228910
여론화,명사,228911
여론화하다,동사,460031
여름방학,명사,229498
여망,명사,230957
여물통,명사,228796
여보시오,감탄사,461709
여복,명사,234009
여성스럽다,형용사,515985
여성호르몬,명사,228670
여윳돈,명사,231050
여의도,명사,231653
여의하다,형용사,231635
여자애,명사,516918
여점,명사,229228
여지,명사,230398
여지없이,부사,230689
여진족,명사,459588
여포,명사,459839
여필종부,명사,228940
여하,명사,458930
여행기,명사,230089
여행길,명사,230090
역관,명사,220820
역내,명사,234631
역률,명사,454013
역린,명사,228150
역발상,명사,516613
역법,명사,228965
역삼각형,명사,229635
역성혁명,명사,462357
역외,명사,231695
역외시장,명사,231699
역자,명사,228689
역주행,명사,515668
역차별,명사,515670
역추적,명사,516645
역치,명사,230241
역행렬,명사,235284
연구가,명사,227783
연금술사,명사,235612
연내,명사,228442
연놈,명사,234015
연대채권,명사,229560
연대채무,명사,458472
연동하다,동사,230449
연두부,명사,515861
연료봉,명사,223945
연립,명사,235297
연마재,명사,462338
연막,명사,236218
연말정산,명사,459686
연면적,명사,458750
연목구어,명사,458106
연봉제,명사,515671
연산군,명사,231601
연산자,명사,238184
연산장치,명사,238463
연설자,명사,244489
연성,명사,236493
연소실,명사,233022
연쇄반응,명사,236980
연쇄살인범,명사,516483
연신,부사,234767
연애관,명사,239074
연애질,명사,232740
연월일,명사,459862
연착륙,명사,462694
연착륙하다,동사,236694
연탄불,명사,463124
연평도,명사,463314
연포탕,명사,239125
열기관,명사,241674
열대지방,명사,234881
열등생,명사,236684
열반,명사,235995
열상,명사,463293
열에너지,명사,235187
열역학,명사,459859
열역학적,명사,235189
열전,명사,460593
열전도,명사,466552
열전도율,명사,466553
열팽창,명사,241685
열하일기,명사,461086
염가,명사,235786
염가판,명사,236389
염기,명사,232929
염력,명사,235100
염산,명사,237793
염소자리,명사,233249
염화나트륨,명사,236098
염화미소,명사,460263
염화칼륨,명사,463390
엽록소,명사,236285
엽전,명사,460636
엽차,명사,241455
엿가락,명사,237209
엿당,명사,237246
영감탱이,명사,237058
영결식,명사,233580
영국인,명사,241477
영덕,명사,232288
영롱하다,형용사,233605
영면하다,동사,236316
영문자,명사,463574
영세농,명사,454929
영암,명사,462776
영업망,명사,234232
영업소,명사,235433
영업이익,명사,239711
영업정지,명사,239720
영역하다,동사,236623
영예로이,부사,233459
영웅적,명사,234380
영웅주의,명사,460294
영웅호걸,명사,235441
영원불멸하다,동사,237836
영원불변하다,동사,237838
영유권,명사,512821
영작,명사,235866
영작하다,동사,235869
영재교육,명사,236466
영전하다,동사,236476
영조,명사,235709
영지버섯,명사,239144
영한사전,명사,235741
영화인,명사,236178
영화적,명사,239039
옆길,명사,233026
옆자리,명사,516751
예단하다,동사,238477
예비비,명사,237353
예비적,명사,241005
예속상교,명사,242436
예술론,명사,239246
예약어,명사,241604
예약자,명사,241605
예이,감탄사,238546
예인선,명사,238547
예제,명사,245146
예종,명사,461749
예행하다,동사,235999
오동작,명사,517616
오디세이,명사,464196
오라,명사,464396
오렌지색,명사,245022
오롱이조롱이,명사,461842
오르가슴,명사,462010
오르골,명사,243327
오리나무,명사,464560
오리온,명사,240909
오리온자리,명사,241449
오메가,명사,234874
오목렌즈,명사,242773
오방색,명사,241360
오방진,명사,461580
오버래핑,명사,242269
오버런,명사,240314
오버히트,명사,240600
오붓이,부사,245492
오브제,명사,246069
오비이락,명사,241919
오사카,명사,238685
오상고절,명사,238097
오색찬란,명사,239888
오선보,명사,464190
오성,명사,464392
오셀로,명사,241978
오소리,명사,242273
오손도손,부사,240028
오스트랄로피테쿠스,명사,241167
오실로스코프,명사,461830
오염물,명사,246144
오염하다,동사,245892
오월동주,명사,459299
오음,명사,239006
오이장아찌,명사,461227
오일,명사,239172
오일장,명사,240068
오작교,명사,465776
오작동,명사,240384
오존홀,명사,465515
오진율,명사,515124
오차율,명사,240050
오케이,명사,458898
오토마타,명사,465517
오퍼레이션,명사,247270
오프닝,명사,239610
오픈,명사,461025
오픈카,명사,240534
오호,감탄사,240664
옥돌,명사,245980
옥저,명사,239442
옥탑,명사,237195
옥탑방,명사,515680
온새미,명사,465281
온수기,명사,245378
올스타,명사,515682
옴두꺼비,명사,241966
옴팡지다,형용사,463725
옷차림새,명사,242866
옹스트롬,명사,463605
옹이,명사,463912
옻나무,명사,243278
옻오르다,동사,243285
와류,명사,242596
와병하다,동사,247224
와우,감탄사,249298
와우,명사,249299
와전류,명사,243735
와플,명사,245589
완벽히,부사,243203
완전군장,명사,464737
완전연소,명사,246793
완충지대,명사,242895
왕립,명사,246514
왕진하다,동사,246804
왜가리,명사,242635
왜구,명사,462612
왜양일체론,명사,250156
왜적,명사,463853
외고,명사,244965
외교부,명사,518760
외교통상부,명사,243890
외딸다,동사,462402
외무성,명사,245517
외사촌,명사,248070
외산,명사,248071
외압,명사,515174
외해,명사,464065
외핵,명사,464066
외행성,명사,246301
외환시장,명사,248380
요것조것,명사,243864
요격,명사,245568
요격미사일,명사,245572
요격하다,동사,245568
요깃거리,명사,245527
요놈,대명사,463420
요도염,명사,246579
요마,명사,245612
요오드,명사,469595
요전,명사,460086
요코하마,명사,247182
요한계시록,명사,248422
요호,명사,243008
욕지거리하다,동사,465274
용병술,명사,464882
용봉탕,명사,467300
용소,명사,254551
용퇴하다,동사,255211
용해열,명사,251144
용해제,명사,251146
용해하다,동사,468266
용호상박,명사,464729
우걱우걱,부사,464898
우공이산,명사,515179
우그르르,부사,254588
우그리다,동사,254591
우는소리,명사,468485
우량하다,형용사,248309
우렁쉥이,명사,244277
우렁이,명사,244608
우롱차,명사,246437
우림,명사,254924
우마차,명사,255227
우무,명사,251752
우물길,명사,248926
우물물,명사,249494
우변,명사,467245
우상숭배,명사,253567
우선적,명사,467595
우왕,명사,464684
우월적,명사,248788
우월주의,명사,249065
우의정,명사,249980
우익수,명사,246327
우주론,명사,464255
우주왕복선,명사,464455
우크라이나어,명사,248522
우편번호,명사,470647
우향우,명사,252434
우현,명사,252438
욱일승천,명사,250985
욱일승천하다,동사,245897
운동에너지,명사,246931
운동요법,명사,246933
운영체제,명사,464322
울금,명사,243557
울렁증,명사,465354
울산광역시,명사,247841
워드,명사,464854
워드프로세서,명사,251124
워싱턴,명사,247327
워워,감탄사,252276
원나라,명사,258321
원동기,명사,251974
원맨쇼,명사,252738
원물,명사,253036
원산,명사,258002
원소기호,명사,258140
원심분리기,명사,253672
원아,명사,466229
원양어업,명사,257720
원자가,명사,252908
원자량,명사,468394
원자력발전,명사,253548
원자력발전소,명사,253549
원자로,명사,252381
원자론,명사,252383
원자번호,명사,259293
원자폭탄,명사,473415
원자핵,명사,253053
원저,명사,253987
원종,명사,466201
원효,명사,472924
월북자,명사,249403
웜,명사,260735
웨이트리스,명사,254156
웨이퍼,명사,468573
웬만치,부사,252474
웹진,명사,515194
위기일발,명사,466383
위성방송,명사,257895
위장약,명사,260180
위정척사,명사,257902
위출혈,명사,251908
위치에너지,명사,252503
위편삼절,명사,469051
위폐,명사,254659
위험수위,명사,466265
윌슨,명사,258832
윗돌,명사,251301
유고슬라비아,명사,256967
유급하다,동사,251329
유기성,명사,252837
유네스코,명사,465838
유니세프,명사,255874
유니코드,명사,515202
유도가열,명사,257613
유라시아,명사,461735
유랑객,명사,254737
유럽연합,명사,256169
유류품,명사,258844
유리걸식,명사,259455
유리걸식하다,동사,473636
유무죄,명사,257567
유비,명사,252574
유산계급,명사,254440
유산소운동,명사,254451
유상증자,명사,469571
유성군,명사,465260
유성룡,명사,465439
유성생식,명사,252901
유성우,명사,253498
유신론자,명사,257665
유아독존,명사,259207
유압,명사,466943
유연제,명사,518314
유영,명사,263219
유영하다,동사,469569
유의미하다,형용사,255391
유일신교,명사,257193
유전성,명사,261649
유전체,명사,262820
유제,명사,263703
유증하다,동사,256343
유채화,명사,260533
유체,명사,261116
유취만년,명사,257973
유카탄반도,명사,263458
유탄,명사,259066
유태인,명사,259665
유통기한,명사,255461
유폐,명사,256626
유폐되다,동사,470165
유폭,명사,256637
유해성,명사,260267
유화구,명사,259691
유화적,명사,259093
유화제,명사,466917
유황,명사,469960
유효사거리,명사,256902
유효숫자,명사,256920
유효전력,명사,256931
육군사관학교,명사,262250
육분의,명사,257536
육사,명사,468074
육송,명사,260176
육식동물,명사,469635
육식성,명사,260840
육우,명사,267597
육해군,명사,256486
윤보선,명사,468503
윤작하다,동사,255782
윤활제,명사,468167
율령,명사,260997
융단폭격,명사,267327
은돈,명사,261266
은사시나무,명사,468318
은수저,명사,471264
은시계,명사,266752
은유법,명사,473113
은행권,명사,468320
은행장,명사,473230
은화,명사,265128
을미사변,명사,473236
을사늑약,명사,517456
을사조약,명사,469719
을파소,명사,262199
음극선,명사,259896
음극선관,명사,470468
음란성,명사,256270
음보,명사,468827
음속,명사,470383
음순,명사,470390
음악실,명사,466825
음원,명사,257758
음유시인,명사,262668
음이온,명사,471072
음전하,명사,264575
음핵,명사,261537
읍성,명사,468811
응급차,명사,515222
응급처치,명사,261091
응용프로그램,명사,264186
의결권,명사,268109
의국,명사,268473
의남매,명사,263980
의대,명사,469096
의료보험,명사,260903
의사표시,명사,265169
의상실,명사,266807
의수,명사,263856
의식불명,명사,469816
의심스레,부사,469869
의정부,명사,464805
의정비,명사,262984
의정서,명사,262985
의제,명사,262988
의종,명사,259938
의지박약,명사,260929
의지박약하다,형용사,260930
의천,명사,264272
이뇨제,명사,261884
이단아,명사,263254
이동성,명사,469995
이동통신,명사,515227
이등변삼각형,명사,264883
이래,명사,469862
이룩,명사,267158
이륜구동,명사,268008
이름자,명사,264602
이리듐,명사,262717
이방원,명사,260055
이보게,감탄사,469687
이산화탄소,명사,263041
이산화황,명사,263900
이상기후,명사,260254
이소사대,명사,264191
이소사대하다,동사,264192
이슬람,명사,266307
이승만,명사,470432
이영차,감탄사,469154
이온화,명사,255384
이용후생,명사,261493
이이제이,명사,263332
이익률,명사,263941
이적성,명사,266060
이정표,명사,267217
이젤,명사,268066
이종교배,명사,264829
이중나선,명사,471968
이중장부,명사,469285
이중적,명사,264224
이차성징,명사,263670
이천,명사,264090
이카로스,명사,470259
이크,감탄사,266657
이태,명사,469268
이팝나무,명사,469627
이현령비현령,명사,266731
익산,명사,472082
인감증명,명사,271432
인공적,명사,265008
인공지능,명사,472435
인공호흡기,명사,269058
인과관계,명사,472619
인과적,명사,269887
인구밀도,명사,269931
인기투표,명사,271128
인덱스,명사,268579
인도주의적,명사,266187
인디,명사,269890
인디언,명사,269365
인망,명사,270841
인명록,명사,271420
인문,명사,272034
인문주의,명사,473158
인민,명사,467905
인사혁신처,명사,518919
인산염,명사,270861
인상파,명사,272063
인쇄소,명사,475745
인쇄술,명사,266185
인식론,명사,269951
인원수,명사,272924
인종차별,명사,472785
인종차별주의,명사,270869
인증서,명사,272048
인지심리학,명사,472510
인천공항,명사,517866
인천광역시,명사,264465
인칭,명사,472903
인코더,명사,270420
인터럽트,명사,271284
인터페이스,명사,272413
인터폴,명사,472226
인터프리터,명사,272415
인프라,명사,265508
일거,명사,265082
일고,명사,271009
일괄처리,명사,265790
일광소독,명사,265801
일기도,명사,272065
일기예보,명사,472563
일당백,명사,473069
일도양단,명사,272443
일등항해사,명사,264916
일러스트,명사,257436
일렉트로닉스,명사,262098
일맥상통하다,동사,272066
일명,명사,472331
일목요연,명사,277464
일발,명사,472035
일변도,명사,270903
일본인,명사,272368
일본해,명사,272375
일산화탄소,명사,268513
일생일대,명사,265237
일설,명사,265806
일솜씨,명사,271915
일심동체,명사,273554
일이관지,명사,473023
일장기,명사,271022
일정액,명사,264680
일조시간,명사,265560
일중독,명사,266966
일직사령,명사,272731
일진회,명사,272096
일체화,명사,261573
일취월장,명사,476094
일파,명사,475777
일패도지,명사,472026
일확천금,명사,276860
일회성,명사,473302
임계점,명사,275994
임관되다,동사,276285
임금님,명사,269871
임대인,명사,271093
임대차,명사,470721
임면권,명사,470941
임면하다,동사,272264
임산물,명사,471152
임시국회,명사,269269
임시변통,명사,271515
임시변통하다,동사,274555
임시적,명사,269796
임시정부,명사,471000
임연수어,명사,276607
임오군란,명사,471528
임의동행,명사,271083
임전무퇴,명사,273610
임정,명사,277573
임진왜란,명사,471300
임차,명사,471379
임차인,명사,274439
임차하다,동사,274436
임해학교,명사,272539
입꼬리,명사,513377
입때,부사,277241
입상권,명사,272869
입소자,명사,272949
입안자,명사,471511
입어권,명사,277251
입욕제,명사,277562
입자가속기,명사,273619
입조심,명사,516942
입주자,명사,275358
입증책임,명사,275949
입찰하다,동사,281210
입체현미경,명사,273241
입출력,명사,517701
입헌,명사,269380
잇바디,명사,274476
잉글랜드,명사,471462
잉여금,명사,281477
잉카,명사,273202
자가발전,명사,268984
자갈밭,명사,470704
자괴감,명사,515260
자귀나무,명사,470723
자금성,명사,269394
자기자본,명사,473147
자기장,명사,274057
자기편,명사,470768
자기혐오,명사,474643
자동적,명사,472274
자동차보험,명사,475009
자동화기,명사,271251
자두나무,명사,269534
자료구조,명사,275207
자루걸레,명사,274010
자리바꿈,명사,471907
자매결연,명사,269166
자바,명사,279814
자반고등어,명사,472276
자발없다,형용사,274392
자발없이,부사,274393
자벌레,명사,474223
자본수지,명사,471349
자살자,명사,472913
자살행위,명사,517256
자습하다,동사,276046
자양제,명사,275289
자연물,명사,268926
자연색,명사,471531
자연어,명사,275681
자연인,명사,472702
자연주의,명사,471911
자연현상,명사,273286
자웅,명사,275573
자웅동체,명사,275580
자위행위,명사,472733
자유낙하,명사,269781
자유당,명사,471019
자유민주주의,명사,275126
자유분방하다,형용사,275387
자유주의,명사,471582
자유투,명사,273315
자율화,명사,515269
자의적,명사,275907
자이로,명사,272238
자작나무,명사,475010
자작자작하다,동사,269237
자주,명사,277566
자주국,명사,471489
자주권,명사,274166
자주독립,명사,471377
자중지란,명사,275918
자책점,명사,276398
자치구,명사,284975
자치단체,명사,285551
자평하다,동사,278529
자폐증,명사,477051
자홍색,명사,276688
작두질,명사,282173
작은곰,명사,281890
작은애,명사,279411
잔다르크,명사,278870
잔당,명사,476628
잔돌,명사,279119
잔망스럽다,형용사,277026
잔머리,명사,277040
잔바람,명사,475637
잔뼈,명사,274254
잔석기,명사,273996
잔업수당,명사,281380
잔칫집,명사,276466
잔학무도하다,형용사,277382
잔학성,명사,277383
잘강잘강,부사,280173
잘강잘강하다,동사,280174
잘나가다,동사,278027
잘빠지다,형용사,479616
잠복근무하다,동사,477697
잠자리채,명사,476508
잡도리,명사,476266
잡도리하다,동사,281942
잡설,명사,283778
잡식성,명사,476240
잡어,명사,475559
잣가루,명사,282243
장갑차,명사,475334
장검,명사,277432
장기이식,명사,477866
장나무,명사,276515
장난꾼,명사,276522
장맛비,명사,278087
장미꽃,명사,479496
장발장,명사,282891
장방형,명사,282909
장삼이사,명사,278383
장성,명사,281273
장수왕,명사,477494
장수풍뎅이,명사,283248
장전,명사,278195
장전하다,동사,276549
장제,명사,282024
장타,명사,281508
장풍,명사,284911
장흥,명사,286521
재가동하다,동사,283992
재계약하다,동사,477236
재교부,명사,473776
재교부하다,동사,280835
재교육하다,동사,280487
재귀,명사,281141
재단사,명사,282808
재롱둥이,명사,291180
재무장,명사,474080
재무제표,명사,474099
재봉하다,동사,474149
재분류되다,동사,283725
재분배되다,동사,283727
재수술,명사,473768
재스민,명사,474477
재의,명사,474867
재임하다,동사,480751
재진,명사,288470
재채기하다,동사,289668
재취업,명사,516654
재통일,명사,281586
재판관,명사,476611
재판권,명사,282401
재판부,명사,282685
재판소,명사,281027
재패,명사,281317
재협상,명사,282708
쟁그랑,부사,284201
쟁그랑거리다,동사,480744
쟤,명사,473934
저격수,명사,283158
저널,명사,291237
저녁놀,명사,283878
저년,대명사,284637
저놈,대명사,476392
저르렁,부사,478088
저르렁저르렁,부사,280182
저르렁저르렁하다,동사,281353
저르렁하다,동사,478291
저울추,명사,278173
저위도,명사,279631
저인망,명사,476377
저작권료,명사,476569
저작권법,명사,279403
저작권자,명사,476570
저작인접권,명사,279409
저전압,명사,285819
저점,명사,516710
저항성,명사,279060
적란운,명사,480619
적부,명사,281713
적분,명사,281720
적송,명사,283336
적재되다,동사,474704
적중률,명사,477367
적폐,명사,280860
전갈자리,명사,474800
전경련,명사,280032
전기공학,명사,284601
전기에너지,명사,281553
전기적,명사,283399
전기전도,명사,286202
전기톱,명사,475075
전남,명사,284026
전당대회,명사,285693
전도성,명사,474743
전도율,명사,481619
전두엽,명사,291949
전라,명사,293163
전략목표,명사,482009
전력량,명사,289003
전력투구,명사,479237
전력화,명사,289311
전력화하다,동사,284463
전립선염,명사,288584
전매특허,명사,292291
전문어,명사,288702
전방위,명사,518934
전북,명사,293531
전세방,명사,283924
전어,명사,292644
전역변수,명사,287159
전용기,명사,480930
전운,명사,286045
전유하다,동사,289138
전자공학,명사,293726
전자구조,명사,294050
전자기,명사,294317
전자기력,명사,284818
전자기유도,명사,285111
전자기장,명사,285431
전자기파,명사,285452
전자기학,명사,286046
전자동,명사,474523
전자메일,명사,291418
전자쌍,명사,292055
전자우편,명사,478786
전자책,명사,291606
전자파,명사,481541
전자현미경,명사,287515
전자회로,명사,479216
전재,명사,293418
전전반측,명사,287308
전정가위,명사,288524
전지,명사,287203
전치사,명사,478555
전통극,명사,516767
전통차,명사,516893
전투원,명사,293762
전투화,명사,515299
전하량,명사,481743
전향적,명사,291149
전화국,명사,285932
절단면,명사,477410
절대왕정,명사,291642
절대치,명사,292802
절댓값,명사,477604
절세가인,명사,481199
절실,명사,287077
절연내력,명사,478183
절전하다,동사,481740
절차탁마,명사,477563
절체절명,명사,478089
절충점,명사,477753
절취선,명사,287942
절취하다,동사,285657
절해,명사,291657
절해고도,명사,481621
점광원,명사,475538
점령군,명사,287982
점멸,명사,285047
점멸되다,동사,481002
점멸등,명사,481003
점방,명사,481420
점심거리,명사,287247
점심상,명사,478106
점장,명사,291497
점층법,명사,285358
점치기,명사,285371
점토,명사,477769
점프력,명사,286873
접객,명사,478181
접근권,명사,292242
접두어,명사,290916
접미어,명사,287434
접속부사,명사,475724
접속자,명사,288994
접점,명사,296104
접지,명사,296209
접지력,명사,479716
정강,명사,477541
정계비,명사,289033
정교,명사,478398
정규분포,명사,293558
정글짐,명사,294190
정기국회,명사,295406
정도부사,명사,295512
정도전,명사,295522
정동행성,명사,291713
정략결혼,명사,292910
정령,명사,293891
정례화,명사,516678
정례화하다,동사,516679
정문일침,명사,292302
정보공학,명사,480426
정보처리,명사,294621
정보통신부,명사,294934
정부안,명사,291734
정사면체,명사,294220
정상치,명사,301108
정상회담,명사,300848
정석적,명사,297672
정선,명사,297963
정소,명사,295570
정수론,명사,289489
정신병원,명사,300565
정신분석학,명사,301127
정신분열증,명사,301128
정신연령,명사,297066
정약용,명사,482595
정예부대,명사,476518
정의당,명사,295273
정적분,명사,479596
정조준,명사,295369
정지궤도,명사,289513
정찰대,명사,294272
정찰위성,명사,478464
정치자금,명사,295595
정통론,명사,287107
정화조,명사,295701
정황증거,명사,479205
제갈공명,명사,300575
제갈량,명사,480569
제공권,명사,295991
제국주의적,명사,295334
제네바,명사,476801
# 제법,명사,293879
제소되다,동사,476777
제시어,명사,299999
제우스,명사,483808
제자백가,명사,479553
제제,명사,298878
제조사,명사,300928
제주,명사,296676
제주해협,명사,302612
제지술,명사,303194
제천,명사,303841
제철,명사,301227
제트,명사,298996
제트기류,명사,482116
제트엔진,명사,297331
제한구역,명사,292063
조각상,명사,297382
조건문,명사,302922
조공,명사,302640
조공하다,동사,302641
조난되다,동사,297998
조력자,명사,302384
조릿대,명사,292401
조명탄,명사,305322
조물조물,부사,296520
조미,명사,297782
조산대,명사,484925
조선간장,명사,298107
조선대,명사,298736
조성물,명사,292145
조심조심히,부사,297196
조영제,명사,291846
조운,명사,298748
조자룡,명사,303147
조정기,명사,297852
조종간,명사,299513
조준간,명사,297534
조직폭력배,명사,515329
조타수,명사,478175
조팝나무,명사,485001
조폭,명사,515331
조화미,명사,297847
존엄사,명사,300343
존치,명사,302282
졸업논문,명사,482974
졸참나무,명사,478150
좀,명사,478345
좀생이,명사,304373
좁아터지다,형용사,298236
종교개혁,명사,482671
종교재판,명사,481841
종려나무,명사,481822
종사,명사,480086
종업식,명사,480848
종유석,명사,486083
종이학,명사,296882
종이호랑이,명사,479886
종잇조각,명사,482564
종합병원,명사,301069
종합지수,명사,299200
좌변,명사,481691
좌의정,명사,480070
좌익분자,명사,301583
좌지우지하다,동사,483970
좌표계,명사,310106
좌향좌,명사,306730
좌현,명사,307059
죄다,부사,305551
주가조작,명사,304014
주가지수,명사,308633
주객전도,명사,306734
주교,명사,302031
주기율,명사,483982
주기율표,명사,484150
주꾸미,명사,481459
주니어,명사,310098
주둔지,명사,304803
주름지다,동사,515352
주마가편,명사,303417
주말부부,명사,515356
주모자,명사,483088
주무관,명사,305572
주문자,명사,300992
주문형비디오,명사,301000
주물,명사,301097
주물럭,명사,483130
주민등록,명사,301478
주민등록등본,명사,301479
주민등록번호,명사,482653
주민등록증,명사,482654
주법,명사,302529
주뼛주뼛,부사,305895
주사제,명사,303899
주성,명사,305548
주세,명사,482852
주식시장,명사,303120
주억거리다,동사,307356
주요점,명사,301237
주인님,명사,302830
주자,명사,309234
주적,명사,307483
주절,명사,480893
주절대다,동사,309237
주조,명사,306824
주주총회,명사,305180
주지육림,명사,482267
주쳇덩어리,명사,296854
주포,명사,304872
죽도,명사,309271
죽림칠현,명사,309885
죽마,명사,304173
죽을죄,명사,310067
준거법,명사,482899
준금속,명사,308970
준비서면,명사,485203
준비실,명사,303929
준용,명사,299581
준용되다,동사,299582
준용하다,동사,482247
준우승하다,동사,299279
줄기세포,명사,513689
줄서기,명사,516478
중견수,명사,306067
중과실,명사,313228
중구,명사,314173
중국인,명사,308830
중남미,명사,305084
중뇌,명사,301610
중등학교,명사,485703
중력가속도,명사,308848
중력장,명사,481252
중매인,명사,486253
중석기,명사,305399
중성미자,명사,301344
중성자,명사,485831
중소기업청,명사,483514
중수로,명사,484243
중수소,명사,484414
중심축,명사,308586
중앙값,명사,309481
중앙당,명사,313727
중앙선거관리위원회,명사,483259
중앙아메리카,명사,305434
중앙아시아,명사,305696
중앙은행,명사,305716
중앙일보,명사,305718
중앙정보부,명사,301351
중유,명사,480198
중의원,명사,307655
중일전쟁,명사,308298
중임하다,동사,308301
중절모,명사,301243
중종,명사,296594
중창곡,명사,307931
중추신경,명사,311456
중추신경계,명사,486678
중화민국,명사,305754
중화인민공화국,명사,301358
쥐똥나무,명사,486663
쥐라기,명사,311779
쥐방울,명사,483680
쥐불,명사,486673
즉답,명사,311481
즉답하다,동사,311482
증거인멸,명사,308409
증권투자,명사,305926
증기기관,명사,486878
증기탕,명사,307742
증오스럽다,형용사,481878
증폭기,명사,485783
지각운동,명사,307543
지구당,명사,308896
지구온난화,명사,516846
지글지글하다,동사,309025
지난밤,명사,313161
지눌,명사,310449
지니계수,명사,486097
지대공,명사,309325
지락,명사,484576
지란지교,명사,313469
지록위마,명사,487024
지리서,명사,307566
지리학적,명사,308464
지명수배,명사,306005
지명자,명사,480256
지물,명사,483658
지박,명사,312559
지방간,명사,485543
지방관,명사,484282
지방법원,명사,314175
지방병,명사,314455
지방색,명사,481630
지방의회,명사,482941
지방자치,명사,309119
지방자치단체,명사,482943
지방자치제,명사,309122
지방층,명사,308178
지배권,명사,485389
지상파,명사,484022
지시부사,명사,315572
지식경제부,명사,517237
지역민,명사,516650
지역변수,명사,306634
지역사회,명사,310846
지역성,명사,310603
지역적,명사,309735
지역주의,명사,307277
지오이드,명사,485024
지용성,명사,315275
지원사격,명사,313906
지장보살,명사,309759
지적재산권,명사,310878
지전,명사,310468
지전류,명사,310737
지주회사,명사,310837
지증왕,명사,485598
지지력,명사,309765
지지층,명사,310595
지질학자,명사,315019
지킴이,명사,317245
지행하다,형용사,313928
지행합일,명사,313932
지향성,명사,314524
지형지물,명사,485406
지휘부,명사,487641
직각삼각형,명사,310356
직격,명사,482680
직계비속,명사,310919
직녀성,명사,488651
직면,명사,315439
직설,명사,487857
직성,명사,314632
직소,명사,485885
직속상관,명사,480049
직지,명사,310343
직지심체요절,명사,310662
직항,명사,315060
직항로,명사,315075
진공관,명사,315785
진달래꽃,명사,315077
진대법,명사,312413
진동수,명사,484072
진두지휘하다,동사,315457
진리표,명사,484092
진법,명사,311828
진보성,명사,312119
진보주의자,명사,312123
진수식,명사,317853
진홍색,명사,315864
진흥왕,명사,311375
질녀,명사,481243
질산,명사,488357
질소산화물,명사,309697
짐마차,명사,309419
짐바브웨,명사,309709
집단소송,명사,489202
집장,명사,483379
집토끼,명사,315966
집합론,명사,317810
집행유예,명사,318907
짚신벌레,명사,322856
짜깁기하다,동사,320984
짝퉁,명사,515403
짠돌이,명사,319502
짬밥,명사,513805
짬짜미,명사,486240
짭새,명사,515405
짱돌,명사,319540
째깍,부사,319329
쪽방,명사,515409
쪽파,명사,312176
쫀득하다,형용사,486149
쭈그러들다,동사,490251
찌게,특수:금지어,315982
찌르레기,명사,311616
찌릿찌릿하다,형용사,312510
찌뿌둥하다,형용사,317734
찜하다,동사,319686
찡얼대다,동사,311637
차나무,명사,317428
차멀미,명사,487111
차별적,명사,487825
차석,명사,317750
차임,명사,319704
차집합,명사,318015
차폐,명사,315961
차폐하다,동사,315963
차회,명사,317692
착륙장,명사,323931
착색료,명사,317361
찬모,명사,323067
찰기,명사,322936
참모총장,명사,320186
참배자,명사,326855
참수,명사,484124
참수리,명사,484292
참의원,명사,323217
찹쌀가루,명사,320870
찻간,명사,491031
찻숟가락,명사,322349
창법,명사,491641
창사,명사,324670
창술,명사,488012
창왕,명사,483922
창원,명사,483888
창조력,명사,319622
창해일속,명사,328430
채광하다,동사,318965
채산성,명사,324402
채식주의자,명사,515429
채썰기,명사,321472
채혈,명사,490944
책사,명사,316033
처녀자리,명사,326576
처분권,명사,487806
처칠,명사,324814
척매,명사,327868
척사,명사,328494
척하다,동사,325949
척화비,명사,322969
천군만마,명사,326905
천도교,명사,320543
천리장성,명사,323291
천문,명사,326955
천문학자,명사,319829
천문학적,명사,487558
천성적,명사,328013
천안,명사,491102
천연물,명사,321353
천연우라늄,명사,327133
천연적,명사,320176
천왕성,명사,485797
천일염,명사,324219
천정,명사,326952
천제,명사,320690
천지창조,명사,327465
천진난만하다,형용사,487549
천칭,명사,325129
천칭자리,명사,486131
철갑상어,명사,486132
철골,명사,327314
철도청,명사,484509
철분제,명사,490685
철석,명사,320501
철종,명사,328743
철중쟁쟁,명사,326131
철천지원수,명사,488122
철통,명사,329161
철통같이,부사,490180
첨가어,명사,325013
첨가제,명사,325014
첨단화,명사,325038
첨병,명사,325229
첨부물,명사,326687
첫맛,명사,488971
첫손,명사,487692
첫아들,명사,321829
청경채,명사,515434
청계천,명사,518343
청나라,명사,324749
청렴도,명사,516729
청록,명사,489151
청부업,명사,330334
청부업자,명사,330335
청부하다,동사,330314
청설모,명사,332801
청약률,명사,328439
청양,명사,331131
청어,명사,330828
청와대,명사,489981
청일전쟁,명사,321577
청출어람,명사,488401
체감온도,명사,332864
체납자,명사,327872
체르노빌,명사,330327
체리,명사,490146
체육대회,명사,332548
체적,명사,327879
체크카드,명사,330662
체크포인트,명사,330663
초계함,명사,328529
초고주파,명사,326321
초라히,부사,332559
초록빛,명사,326997
초미지급,명사,331024
초보적,명사,491285
초식동물,명사,328537
초신성,명사,328542
초연반응,명사,489713
초음속,명사,487522
초저주파,명사,327335
초전도,명사,327934
초짜,명사,330747
촌구석,명사,487514
촌철살인,명사,327689
촐랑대다,동사,328841
촐랑이,명사,328861
총무과,명사,326738
총살형,명사,488667
총집결,명사,494060
총집결하다,동사,494061
총집합,명사,494062
총총히,부사,325498
총출동,명사,333287
총출동하다,동사,333288
총통,명사,329047
총판,명사,327038
총학,명사,515442
촬영되다,동사,333105
최고위층,명사,330174
최루,명사,494454
최루가스,명사,494455
최빈값,명사,330518
최빈국,명사,330499
최신예,명사,335800
최음제,명사,337044
최익현,명사,490588
최저임금,명사,333895
최저임금제,명사,333896
최적화,명사,332099
최적화되다,동사,332100
최혜국,명사,494121
추가적,명사,331237
추격자,명사,334846
추경,명사,334850
추나요법,명사,337347
추락사,명사,337466
추력,명사,337740
추모객,명사,490377
추성,명사,331889
추수감사절,명사,490509
추진제,명사,331248
추천자,명사,332197
추행하다,동사,337967
축구화,명사,515448
축생,명사,327101
축성,명사,332390
축약,명사,336161
축약되다,동사,336162
축약하다,동사,336163
축전기,명사,493739
축전지,명사,497009
춘당,명사,331901
춘천,명사,492758
출력물,명사,515450
출루,명사,490364
출루하다,동사,331616
출범식,명사,489948
출병,명사,335877
출병하다,동사,489949
출산휴가,명사,336847
출신자,명사,337520
출원인,명사,337844
출원자,명사,337845
출자금,명사,334124
출장길,명사,494611
출장지,명사,494323
출중히,부사,331302
출판업자,명사,336196
출하량,명사,489955
출혈성,명사,330287
충남,명사,333819
충렬왕,명사,331305
충만감,명사,489621
충목왕,명사,489628
충무공,명사,331555
충북,명사,331449
충분,명사,331451
충선왕,명사,488589
충숙왕,명사,489260
충전제,명사,335999
충정왕,명사,493831
충주,명사,490308
충청,명사,336966
충혜왕,명사,490488
췌장암,명사,494416
취급소,명사,332020
취득시효,명사,333260
취사도구,명사,335782
취역하다,동사,337252
취지서,명사,333016
취침나팔,명사,331684
측백나무,명사,493314
측정치,명사,332018
치국,명사,492884
치국평천하,명사,336418
치근덕대다,동사,336433
치명자,명사,332424
치사하다,형용사,329921
치성,명사,490991
치어리더,명사,515461
치자나무,명사,333353
치조골,명사,333997
치향하다,동사,336106
칙령,명사,490391
친소,명사,486412
친위대,명사,494849
친일하다,동사,494854
친환경적,명사,516671
칠전팔도,명사,334651
칠푼이,명사,342275
침략군,명사,489170
침략기,명사,340527
침략자,명사,341053
침략적,명사,340524
침류왕,명사,489064
칭기즈칸,명사,494625
칭얼대다,동사,494358
카니발,명사,341935
카드뮴,명사,489054
카드뮴옐로,명사,339583
카르타고,명사,338422
카르텔,명사,494784
카르통,명사,494785
카사노바,명사,340699
카시오페이아,명사,494423
카운트,명사,494627
카운트다운,명사,494628
카이로,명사,342046
카이스트,명사,342310
카자흐,명사,338671
카탈루냐,명사,339799
카탈루냐어,명사,339800
카트,명사,340332
카트리지,명사,340346
카트만두,명사,340348
카페오레,명사,340862
칸델라,명사,337707
칸막이벽,명사,492787
칼데라,명사,341765
캄브리아기,명사,342182
캉,부사,517303
캐내다,동사,493214
캐노피,명사,340452
캐디,명사,336873
캐시미어,명사,337146
캐치볼,명사,335329
캔틸레버,명사,328804
캡사이신,명사,517823
커넥터,명사,339520
커뮤니티,명사,340341
커스터드,명사,341649
커터,명사,339082
컨설턴트,명사,339937
컨설팅,명사,515471
컨트롤러,명사,340185
컬렉션,명사,341515
컴백,명사,341280
컴파일,명사,333304
컴파일러,명사,333305
케임브리지,명사,340387
케플러,명사,334800
코너킥,명사,333604
코디,명사,339002
코딩,명사,491558
코딩하다,동사,339006
코로나,명사,339847
코린내,명사,333885
코발트,명사,341025
코사인,명사,342040
코스닥,명사,515220
코스타리카,명사,493891
코스튬,명사,334271
코스튬플레이,명사,334272
코어,명사,338702
코언저리,명사,494089
코요테,명사,338723
코일,명사,491561
코쟁이,명사,491354
코칭스태프,명사,491540
코트디부아르,명사,492187
코펜하겐,명사,334793
콘덴서,명사,341282
콘비프,명사,337172
콘셉트,명사,517626
콘택트,명사,333922
콘텐츠,명사,515478
콘티,명사,491148
콜라주,명사,491546
콜럼버스,명사,341623
콜론,명사,339149
콜타르,명사,340748
콩고,명사,494319
콩나물국,명사,494828
콩나물밥,명사,338907
콩떡,명사,339566
쾌,명사,340990
쿨롬,명사,341041
쿵후,명사,335646
퀘벡,명사,340137
퀘이사,명사,339865
큐,명사,491962
크랭크인,명사,341888
크레바스,명사,489247
크레이터,명사,337446
크레이프,명사,333666
크로마뇽인,명사,493421
크로커다일,명사,344198
크로키,명사,344463
크롬,명사,345857
크루저,명사,346438
크리켓,명사,340833
크립톤,명사,497120
큰곰,명사,493524
큰마음,명사,497557
클라이맥스,명사,496551
클라이언트,명사,336860
클러스터,명사,345331
클레오파트라,명사,345910
클레임,명사,346470
클로로포름,명사,497852
클론,명사,340928
클리닉,명사,345247
클리닝,명사,345248
클립보드,명사,342869
클립아트,명사,342870
키르기스스탄,명사,344762
키르케고르,명사,344767
키메라,명사,337999
키워드,명사,497464
키친타월,명사,346193
키케로,명사,342429
키프로스,명사,497427
킥,명사,333631
킬러,명사,344121
타구,명사,338236
타깃,명사,496699
타도되다,동사,345322
타르,명사,343414
타산,명사,492684
타이머,명사,346095
타이포그래피,명사,343697
타이핑하다,동사,497272
타지키스탄,명사,492867
타진,명사,334780
타짜,명사,340682
탁상행정,명사,515484
탁월,명사,344311
탄도학,명사,339596
탄로되다,동사,346496
탄생지,명사,496959
탄소강,명사,343479
탄소섬유,명사,344292
탄신,명사,345413
탄젠트,명사,338769
탄창,명사,336596
탈세자,명사,341094
탈의하다,동사,338835
탈주,명사,344152
탈주범,명사,515485
탈주자,명사,344155
탈착,명사,493810
탈출기,명사,345287
탐미적,명사,497899
탐지기,명사,339098
탐탁히,부사,343881
태그,명사,339365
태극,명사,339368
태극권,명사,496696
태껸,명사,344444
태양광,명사,333613
태양에너지,명사,341354
태양전지,명사,495378
태양풍,명사,343338
태조,명사,335348
태종,명사,495379
태평스레,부사,492468
태평히,부사,345303
태형,명사,344071
탭,명사,343926
탱자나무,명사,492539
터번,명사,342402
터빈,명사,495966
터치하다,동사,341189
터키어,명사,346330
턱살,명사,338474
털갈이하다,동사,348939
털게,명사,493987
털북숭이,명사,347519
털털이,명사,349043
텃새,명사,350713
텅스텐,명사,495752
테라바이트,명사,348711
테스토스테론,명사,342748
테이블,명사,494484
테제,명사,349582
테킬라,명사,497861
텔레포트,명사,348690
톈진,명사,495174
톈진조약,명사,495175
토고,명사,349801
토끼자리,명사,349321
토너,명사,495868
토네이도,명사,495869
토란국,명사,346709
토란대,명사,495943
토론토,명사,348118
토목공사,명사,350058
토목공학,명사,346590
토벌되다,동사,348521
토벌하다,동사,497471
토씨,명사,495934
토악질,명사,347537
토우,명사,349248
토익,명사,342538
토착민,명사,495747
토크,명사,346731
톨스토이,명사,348259
톱클래스,명사,496466
톳,명사,346982
통가,명사,348438
통감,명사,346031
통감부,명사,496263
통계청,명사,496666
통고처분,명사,495158
통과의례,명사,347369
통괄하다,동사,496326
통구이,명사,347972
통깨,명사,348863
통닭구이,명사,349938
통령,명사,350792
통밀,명사,348480
통사론,명사,343042
통산,명사,343292
통상조약,명사,347653
통솔권,명사,346423
통수하다,동사,342639
통신사,명사,497669
통신위성,명사,349962
통신판매,명사,495555
통영,명사,346749
통일부,명사,346880
통치행위,명사,495557
통할하다,동사,344140
통화권,명사,515497
통후추,명사,343831
퇴직자,명사,494378
툇간,명사,347447
투구벌레,명사,349140
투구하다,동사,348610
투기적,명사,349160
투덜대다,동사,350006
투르크메니스탄,명사,493012
투명도,명사,345778
투사지,명사,496070
투석기,명사,500597
투석전,명사,343644
투신자살,명사,347741
툰드라,명사,495046
퉁퉁거리다,동사,497029
튀밥,명사,349280
튜닝,명사,515500
트랙백,명사,349543
트랙터,명사,492246
트랜지스터,명사,495886
트램펄린,명사,350122
트레드,명사,350691
트레이드하다,동사,346921
트로이,명사,347525
트롤,명사,348074
트리폴리,명사,496789
트위스트,명사,346802
특별상,명사,347215
특별소비세,명사,496164
특수부대,명사,351895
특이성,명사,351485
특이점,명사,351771
특허청,명사,354282
특허하다,동사,350948
특화되다,동사,354579
특화하다,동사,354580
특훈,명사,515510
틀려먹다,동사,351405
틈입,명사,349762
틈입하다,동사,500714
티라노사우루스,명사,351488
티백,명사,352335
티슈,명사,499734
티타늄,명사,351963
티타임,명사,351964
파급효과,명사,498498
파나마,명사,354014
파라미터,명사,498269
파렴치한,명사,355116
파르테논,명사,499619
파르페,명사,348766
파리똥,명사,494741
파상풍,명사,347514
파생적,명사,353745
파스칼,명사,499627
파투,명사,350322
파파야,명사,497517
파프리카,명사,498203
판교,명사,353488
판매권,명사,346584
판매사,명사,498596
판문점,명사,354134
판박이,명사,354410
판시,명사,352120
판시하다,동사,497950
판지,명사,354885
판타지,명사,353054
판판이,부사,498729
팔관회,명사,354141
팔굽혀펴기,명사,354440
팔레스타인,명사,499338
팔모가지,명사,352533
팝아트,명사,497755
팥빵,명사,354174
팥소,명사,499586
패가망신하다,동사,500773
패러디,명사,352699
패색,명사,499002
패스워드,명사,353391
패자부활전,명사,497331
패치,명사,354485
팬클럽,명사,515519
팽나무,명사,495255
팽만감,명사,498568
퍼트리다,동사,352146
퍼펙트,명사,352151
퍽퍽하다,형용사,499928
펄떡이다,동사,355051
펌웨어,명사,498577
페널티,명사,498338
페널티킥,명사,352836
페니실린,명사,353430
페로몬,명사,354543
페르시아,명사,497985
페르시아어,명사,495061
페소,명사,346765
페이스,명사,351881
페이스트,명사,351899
펜네임,명사,351995
펜스,명사,352009
펴놓다,동사,354272
편년체,명사,351064
편대,명사,351355
편대비행,명사,351611
편성표,명사,352296
편애하다,형용사,353963
편의성,명사,354809
편의주의,명사,354822
편제,명사,348083
편집권,명사,358074
편집인,명사,358616
편집자,명사,358617
편집장,명사,358618
편집증,명사,499487
편차,명사,358631
폄하,명사,357946
폄훼,명사,358273
폄훼하다,동사,500679
평창,명사,355703
평택,명사,495951
평행사변형,명사,355477
폐경기,명사,358091
폐교되다,동사,358674
폐동맥,명사,355406
폐소공포증,명사,351972
폐지안,명사,499773
포개지다,동사,500781
포고령,명사,500496
포근포근,부사,498687
포근포근하다,형용사,354520
포도나무,명사,516880
포도상구균,명사,358791
포도송이,명사,354357
포럼,명사,359631
포르노그래피,명사,500692
포름알데히드,명사,500564
포맷,명사,357176
포박,명사,357264
포박하다,동사,357265
포상하다,동사,347346
포세이돈,명사,496752
포스터물감,명사,357910
포스터컬러,명사,357911
포식자,명사,353799
포워드,명사,500587
포인터,명사,357191
포즈,명사,358996
포지션,명사,498865
포집,명사,359572
포천,명사,357363
포커,명사,357549
포커페이스,명사,357002
포크댄스,명사,499646
포탑,명사,498877
포트,명사,498883
포트란,명사,498884
포트폴리오,명사,359599
포플러,명사,357637
포피,명사,356605
포항,명사,360501
포획물,명사,355285
폭등세,명사,356423
폭력성,명사,356446
폭사하다,동사,358433
폰트,명사,358873
폴라로이드,명사,359463
폴리에틸렌,명사,503270
표,명사,359667
표고,명사,500287
표고버섯,명사,357703
표리부동,명사,359414
표면장력,명사,359479
표백분,명사,356210
표제,명사,359327
표준적,명사,357711
표준편차,명사,355344
표착하다,동사,356490
푸,부사,499428
푸드득거리다,동사,352723
푸딩,명사,500001
푸른나물,명사,356495
푸릇하다,형용사,499403
풀무,명사,503406
풀썩하다,동사,495419
풀어먹다,동사,499995
풀장,명사,355357
풀코스,명사,500148
풀타임,명사,356519
품밟기,명사,503205
품새,명사,518484
품세,명사,357725
품질관리,명사,351932
풋사과,명사,499996
풍동,명사,357151
풍력발전,명사,357943
풍령,명사,356357
풍부,명사,357857
풍선껌,명사,353016
풍수지리설,명사,362297
풍수지탄,명사,503694
풍수해,명사,362300
풍어,명사,359956
풍치,명사,360979
퓌레,명사,359070
퓨마,명사,361493
프랑스대혁명,명사,360526
프랑스혁명,명사,361348
프랑크푸르트,명사,361896
프레임,명사,501428
프레젠테이션,명사,360144
프레파라트,명사,360146
프로레슬링,명사,362607
프로메테우스,명사,362608
프로세스,명사,498451
프로야구,명사,359076
프로이트,명사,357699
프로젝터,명사,516446
프로타주,명사,506830
프로토콜,명사,362035
프로페셔널,명사,361548
프롤로그,명사,363756
프리킥,명사,363327
플라나리아,명사,495278
플라보노이드,명사,361013
플라세보,명사,361014
플라스마,명사,502122
플라스크,명사,502126
플라이,명사,363460
플라톤,명사,496189
플래그,명사,358799
플래시메모리,명사,367232
플랜테이션,명사,367813
플랜트,명사,363480
플랫,명사,363486
플레밍,명사,360258
플레어,명사,361091
플레이보이,명사,361106
플레이오프,명사,361638
플로어,명사,356940
플루토늄,명사,362772
플립플롭,명사,363631
피겨,명사,362331
피고용인,명사,366312
피나무,명사,495454
피닉스,명사,358811
피동사,명사,363751
피동형,명사,359965
피떡,명사,360823
피란민,명사,361372
피막,명사,360736
피범벅,명사,499888
피부염,명사,363367
피상전력,명사,498612
피소,명사,362371
피에로,명사,363490
피질,명사,363231
피차일반,명사,361815
피치카토,명사,497879
피칭하다,동사,359876
피카소,명사,359880
피타고라스,명사,498622
피해망상,명사,363210
픽셀,명사,360284
핀란드어,명사,361395
필라델피아,명사,359897
필라멘트,명사,359900
필부필부,명사,500030
필살기,명사,515869
핏물,명사,362216
하게하다,동사,502206
하고하다,형용사,360332
하나둘,명사,514754
하느작하느작,부사,499885
하늘다람쥐,명사,503775
하도급자,명사,359657
하드,명사,515561
하드디스크,명사,362977
하등동물,명사,363577
하로동선,명사,355449
하루거리,명사,355488
하마평,명사,501314
하석상대,명사,355771
하옥되다,동사,362404
하와이,명사,495798
하위권,명사,501266
하이에크,명사,503893
하전,명사,363139
하전입자,명사,361556
하책,명사,363276
하트,명사,356315
하한선,명사,361461
하향식,명사,362260
학구열,명사,362723
학기말시험,명사,501264
학년도,명사,500859
학당,명사,363893
학명,명사,360948
학사모,명사,515564
학살자,명사,360924
학술원,명사,501136
한강투석,명사,359813
한국과학기술원,명사,502872
한국은행,명사,362007
한국전쟁,명사,362022
한나라,명사,360236
한단지몽,명사,361889
한목소리,명사,366702
한물,명사,367056
한색,명사,364411
한센병,명사,363315
한센인,명사,514752
한소끔,부사,363321
한영사전,명사,366092
한우충동,명사,366756
한통,명사,363900
한패,명사,505379
할거주의,명사,505575
할로겐,명사,365329
할리우드,명사,365948
할망구,명사,502768
할미새,명사,363738
할인권,명사,366766
할짝할짝,부사,367416
함경산맥,명사,367630
함길도,명사,360117
함빡함빡,부사,365978
함숫값,명사,365801
함초롬하다,형용사,505541
합격률,명사,365062
합격선,명사,365063
합격점,명사,533554
합동참모의장,명사,364882
합리주의자,명사,365832
합성수지,명사,368253
합자,명사,364905
합자하다,동사,502656
합참,명사,505847
합체,명사,367730
합체하다,동사,505143
핫라인,명사,367973
핫케이크,명사,368559
항고심,명사,364771
항공모함,명사,502632
항등식,명사,505849
항마군,명사,368357
항바이러스제,명사,362077
항생물질,명사,498214
항소장,명사,365376
항우울제,명사,364942
항저우,명사,366159
항전하다,동사,505671
항정살,명사,515580
항해일지,명사,505636
해구,명사,370784
해난,명사,501732
해동성국,명사,367760
해맞이,명사,502163
해방군,명사,503104
해변학교,명사,368697
해상도,명사,502169
해석학,명사,365571
해수부,명사,514769
해싱,명사,373378
해양경찰청,명사,366343
해양수산부,명사,362862
해양풍,명사,514771
해우소,명사,515584
해운대,명사,365859
해운업,명사,365593
해적단,명사,367016
해적질,명사,371052
해주,명사,369911
해지하다,동사,368754
해코지하다,동사,365304
해피엔드,명사,367492
핵반응,명사,503093
핵분열,명사,501937
핵산,명사,362322
핵실험,명사,362593
핵연료,명사,369923
핵우산,명사,367828
핵융합,명사,502375
핵탄두,명사,368494
핵폭발,명사,368501
핸드크림,명사,364393
핸들링,명사,499038
핼러윈,명사,365583
햄버그스테이크,명사,365604
햄스터,명사,518911
행랑방,명사,363173
행복스럽다,형용사,502583
행상인,명사,364688
행실머리,명사,366550
행안부,명사,533603
행자부,명사,514889
행정기관,명사,367352
행정대집행법,명사,371919
행정법,명사,371926
행정소송법,명사,502155
행정심판,명사,502156
행정안전부,명사,517238
행정자치부,명사,356619
행정청,명사,367544
행정학,명사,367252
향나무,명사,503434
향낭,명사,369289
향락주의,명사,503627
향안,명사,370290
향약,명사,505790
향유고래,명사,371204
향임,명사,372090
향주머니,명사,506422
향찰,명사,503431
향토사,명사,375769
허구리,명사,503922
허니문,명사,368994
허리케인,명사,376072
허무주의,명사,506456
허브,명사,506603
허블,명사,506213
허수,명사,372527
허스키하다,형용사,373163
허용량,명사,370996
허접스럽다,형용사,372131
허접쓰레기,명사,372145
허접하다,형용사,518877
허허실실,명사,370395
헌법재판소,명사,371245
헌병대,명사,506028
헌정사,명사,373029
헌종,명사,373035
헐벗기다,동사,370091
헛개나무,명사,514999
헛구호,명사,372144
헛꿈,명사,372432
헛소리하다,동사,372269
헛수고하다,동사,372277
헛스윙,명사,372291
헤더,명사,372191
헤드라인,명사,372799
헤라,명사,371275
헤라클레스,명사,371276
헤로인,명사,503561
헤르메스,명사,506034
헤모글로빈,명사,373705
헤비메탈,명사,501023
헤이그,명사,370431
헤이세이,명사,370439
헥토파스칼,명사,506209
헬기장,명사,515599
헬렐레,부사,371684
헬렐레하다,동사,371685
헬륨,명사,371686
헬스,명사,515602
혁명군,명사,501828
현금카드,명사,372311
현금화,명사,507043
현대미술,명사,368896
현대사회,명사,369540
현대전,명사,370135
현미밥,명사,369892
현생인류,명사,371416
현세적,명사,371742
현수교,명사,372603
현시점,명사,501417
현종,명사,370805
현지화,명사,516743
혈당치,명사,369681
혈청,명사,372330
혈흔,명사,369247
혐오스레,부사,500624
협박장,명사,505814
협성,명사,370542
협소,명사,370548
형광펜,명사,515604
형사소송,명사,374872
형사소송법,명사,374874
형사피고인,명사,506014
형설지공,명사,505782
형식주의,명사,501008
형용모순,명사,501003
형이상학,명사,501191
형태론,명사,369739
호가호위하다,동사,507143
호두과자,명사,369142
호두까기인형,명사,506961
호두나무,명사,506962
호래자식,명사,377392
호르몬제,명사,373945
호박벌,명사,504983
호불호,명사,379848
호선하다,동사,505471
호스트바,명사,515605
호족,명사,504856
호출자,명사,505693
호치키스,명사,376931
호태왕,명사,506061
호패,명사,372748
호화하다,형용사,376528
혹여나,부사,378136
혹한기,명사,515607
혼성,명사,504344
혼슈,명사,377640
혼외정사,명사,374531
혼욕,명사,374535
혼인신고,명사,508631
혼잡시간,명사,373795
혼혈인,명사,378133
홀로그램,명사,373479
홈그라운드,명사,507955
홈쇼핑,명사,374325
홉스,명사,377937
홋카이도,명사,373619
홍련,명사,498401
홍염,명사,378123
홑문장,명사,376721
화관,명사,498396
화구,명사,375978
화농성,명사,374847
화덕,명사,376751
화랑도,명사,377781
화룡점정,명사,374772
화마,명사,375711
화면발,명사,515619
화물기,명사,377564
화사첨족,명사,505500
화산대,명사,373547
화산암,명사,374191
화산재,명사,377794
화살나무,명사,376981
화살촉,명사,508317
화상회의,명사,374807
화성인,명사,374019
화소,명사,505028
화장되다,동사,380386
화중지병,명사,376760
화질,명사,501602
화첩,명사,501795
화학물질,명사,504638
화학반응,명사,378066
화학식,명사,381571
화학자,명사,373955
화학적,명사,375138
확장자,명사,380374
확전,명사,377220
확진,명사,373962
확진되다,동사,374671
확진하다,동사,374672
환경부,명사,376497
환경영향평가,명사,376508
환경오염,명사,376509
환경적,명사,375883
환골탈태,명사,505070
환골탈태하다,동사,377071
환급,명사,377628
환급금,명사,377016
환기구,명사,505077
환난상휼,명사,507804
환란,명사,376946
환매,명사,502172
환매하다,동사,380186
환부하다,동사,381408
환술,명사,378468
환유법,명사,385880
환태평양,명사,505958
환태평양조산대,명사,383134
활성,명사,505744
활성제,명사,378358
활엽수림,명사,382166
활용형,명사,382173
활화산,명사,380589
홧홧하다,형용사,381175
황금벌판,명사,383126
황금연휴,명사,375201
황녀,명사,382187
황당,명사,382484
황동,명사,378212
황설탕,명사,508855
황소자리,명사,378176
황충,명사,383729
황태,명사,508161
황폐하다,형용사,382207
회견장,명사,379487
회계연도,명사,379756
회귀선,명사,508852
회담장,명사,386892
회람하다,동사,383448
회로,명사,508710
회로도,명사,381596
회사채,명사,385329
회색분자,명사,508643
회의론,명사,378565
회의소,명사,378844
회전수,명사,379320
회전축,명사,382740
회충약,명사,508897
회화나무,명사,506037
효모,명사,385584
효소제,명사,506711
효시하다,동사,379897
효종,명사,504315
후각신경,명사,381048
후드,명사,506505
후략,명사,379940
후륜구동,명사,379878
후박나무,명사,506806
후보작,명사,384548
후불제,명사,385602
후신,명사,384857
후작,명사,381984
후지산,명사,503233
후쿠시마,명사,378452
후폭풍,명사,515630
후회막심,명사,380519
훅,명사,385113
훅훅,부사,508872
훈구파,명사,384187
훈련기,명사,380477
훈령,명사,502181
훈풍,명사,378642
훠이,감탄사,381715
훤당,명사,382307
훼방꾼,명사,383678
휘도,명사,508724
휴대전화,명사,385134
휴스턴,명사,389402
휴업하다,동사,384003
휴회,명사,508750
흄,명사,385681
흉통,명사,381892
흐릿흐릿하다,형용사,385975
흐흐,부사,383322
흑룡,명사,382896
흑발,명사,390087
흑백논리,명사,504301
흑사병,명사,383453
흑요석,명사,385423
흑점,명사,386242
흑진주,명사,386755
흘려듣다,동사,385994
흙내,명사,384259
흙비,명사,384095
흠절,명사,386765
흠흠,부사,507122
흡혈,명사,384969
흥사단,명사,508998
흥선대원군,명사,507576
흥행작,명사,507057
희귀,명사,384123
희생번트,명사,389217
희생타,명사,389221
희석제,명사,389229
희종,명사,384141
희토류,명사,384443
흰개미,명사,508342
힁허케,부사,389239
히드라,명사,386405
히브리어,명사,384176
히스토그램,명사,384734
히아신스,명사,384739
히치하이크,명사,383211
히틀러,명사,383505
힌두교,명사,386567
힌디어,명사,382861
힐,명사,382879
힐긋,부사,507107
